Scientific name;German name;Family;Life cycle;Field-meadow;Urban;Forest;Foothills;Rivers and Lakes;Alpine;N. present landscapes;Bordering/Transition plants;January;February;March;April;May;June;July;August;September;October;November;December;N. months;Spring;Summer;Autumn;Winter;N. seasons;Height min(cm);Height max(cm);Threatened;Edible;Poisonous;Cultivated;Medicinal plants;Ex-medicinal plants;Folk medicinal plants;Ex-folk medicinal plants;Dye plants;Creeper;Ornamental plants;Aromatic plants;Cosmetic plants;Apiary;Detergent-substitute;Hedge plants;Wood;Fodder plants;Oleiferous plants;Salad plants;Wild vegetables;Vegetables;Wild fruits;Fruits;Condiment;Tea;Wine/Brandy;Coffee-substitute;Tobacco-substitute;Tea-substitute
Achillea millefolium L. ;Gemeine Schafgarbe, Gewöhnliche Wiesen-Schafgarbe, Echte Schafgarbe;Asteraceae;perennial;TRUE;FALSE;FALSE;FALSE;FALSE;FALSE;1;FALSE;FALSE;FALSE;FALSE;FALSE;FALSE;(TRUE);TRUE;TRUE;TRUE;TRUE;FALSE;FALSE;4;FALSE;TRUE;TRUE;FALSE; ;30;60;FALSE;FALSE;FALSE;FALSE;TRUE;FALSE;FALSE;FALSE;FALSE;FALSE;FALSE;FALSE;FALSE;FALSE;FALSE;FALSE;FALSE;FALSE;FALSE;FALSE;FALSE;FALSE;FALSE;FALSE;FALSE;FALSE;FALSE;FALSE;FALSE;FALSE
Aegopodium podagraria L. ;Gewohnlicher Giersch, Geißfuß;Apiaceae;perennial;TRUE;TRUE;TRUE;FALSE;FALSE;FALSE;3;TRUE;FALSE;FALSE;FALSE;FALSE;FALSE;TRUE;TRUE;FALSE;FALSE;FALSE;FALSE;FALSE;2;FALSE;TRUE;FALSE;FALSE;1;50;90;FALSE;TRUE;FALSE;FALSE;TRUE;FALSE;FALSE;FALSE;FALSE;FALSE;FALSE;FALSE;FALSE;FALSE;FALSE;FALSE;FALSE;FALSE;FALSE;TRUE;TRUE;FALSE;FALSE;FALSE;FALSE;FALSE;FALSE;FALSE;FALSE;FALSE
Ajuga reptans L.  ;Kriechender Günsel, Guldengünsel, Kriech-Günsel;Lamiaceae;perennial;TRUE;TRUE;TRUE;FALSE;FALSE;FALSE;3;TRUE;FALSE;FALSE;FALSE;FALSE;TRUE;TRUE;TRUE;TRUE;FALSE;FALSE;FALSE;FALSE;4;TRUE;TRUE;FALSE;FALSE;2;7;30;FALSE;TRUE;FALSE;FALSE;FALSE;TRUE;FALSE;FALSE;FALSE;FALSE;TRUE;FALSE;FALSE;FALSE;FALSE;FALSE;FALSE;FALSE;FALSE;TRUE;FALSE;FALSE;FALSE;FALSE;FALSE;FALSE;FALSE;FALSE;FALSE;FALSE
Alliaria petiolata (Bieb.) Cavara & Grande ;Knoblauchsrauke, Knoblauchskraut, Lauchkraut, Knoblauchhederich, Gewöhnliche Knoblauchsrauke, Lauchhederich;Brassicaceae;biennial;TRUE;TRUE;TRUE;FALSE;FALSE;FALSE;3;TRUE;FALSE;FALSE;FALSE;TRUE;TRUE;TRUE;FALSE;FALSE;FALSE;FALSE;FALSE;FALSE;3;TRUE;TRUE;FALSE;FALSE;2;20;100;FALSE;TRUE;FALSE;FALSE;TRUE;FALSE;TRUE;FALSE;FALSE;FALSE;FALSE;FALSE;FALSE;FALSE;FALSE;FALSE;FALSE;FALSE;FALSE;FALSE;FALSE;FALSE;FALSE;FALSE;TRUE;FALSE;FALSE;FALSE;FALSE;FALSE
Anthriscus sylvestris (L.) Hoffm.  ;Wiesen-Kerbel, Wald-Kerbel, Kälberkropf;Apiaceae;perennial;TRUE;TRUE;TRUE;FALSE;TRUE;FALSE;4;TRUE;FALSE;FALSE;FALSE;FALSE;TRUE;TRUE;TRUE;TRUE;FALSE;FALSE;FALSE;FALSE;4;TRUE;TRUE;FALSE;FALSE;2;60;150;FALSE;TRUE;FALSE;FALSE;FALSE;FALSE;FALSE;FALSE;FALSE;FALSE;FALSE;FALSE;FALSE;FALSE;FALSE;FALSE;FALSE;FALSE;FALSE;FALSE;TRUE;FALSE;FALSE;FALSE;TRUE;FALSE;FALSE;FALSE;FALSE;FALSE
Anthyllis vulneraria L. ;Wundklee, Echter Wundklee, Gemeiner Wundklee, Gewöhnlicher Wundklee, Tannenklee ;Fabaceae;perennial;TRUE;TRUE;TRUE;TRUE;FALSE;TRUE;5;TRUE;FALSE;FALSE;FALSE;FALSE;TRUE;TRUE;TRUE;TRUE;(TRUE);FALSE;FALSE;FALSE;4;TRUE;TRUE;(TRUE);FALSE;2;5;60;FALSE;FALSE;FALSE;FALSE;FALSE;FALSE;TRUE;FALSE;FALSE;FALSE;FALSE;FALSE;FALSE;FALSE;FALSE;FALSE;FALSE;TRUE;FALSE;FALSE;FALSE;FALSE;FALSE;FALSE;FALSE;FALSE;FALSE;FALSE;FALSE;FALSE
Artemisia vulgaris L. ;Gemeine Beifuß , Gewürzbeifuß, Gewöhnlicher Beifuß, Beifuß;Asteraceae;perennial;TRUE;TRUE;FALSE;FALSE;TRUE;FALSE;3;TRUE;FALSE;FALSE;FALSE;FALSE;FALSE;FALSE;TRUE;TRUE;TRUE;TRUE;FALSE;FALSE;4;FALSE;TRUE;TRUE;FALSE;2;60;150;FALSE;TRUE;FALSE;TRUE;FALSE;TRUE;TRUE;FALSE;FALSE;FALSE;FALSE;FALSE;FALSE;FALSE;FALSE;FALSE;FALSE;FALSE;FALSE;FALSE;FALSE;FALSE;FALSE;FALSE;TRUE;FALSE;FALSE;FALSE;FALSE;FALSE
Asarum europaeum L. ;Gewöhnliche Haselwurz, Haselwurz, Europäische Haselwurz ;Aristolochiaceae;perennial;TRUE;TRUE;TRUE;FALSE;TRUE;FALSE;4;TRUE;FALSE;FALSE;TRUE;TRUE;TRUE;FALSE;FALSE;FALSE;FALSE;FALSE;FALSE;FALSE;3;TRUE;FALSE;FALSE;FALSE;1;5;10;FALSE;FALSE;TRUE;FALSE;FALSE;FALSE;TRUE;FALSE;FALSE;FALSE;FALSE;FALSE;FALSE;FALSE;FALSE;FALSE;FALSE;FALSE;FALSE;FALSE;FALSE;FALSE;FALSE;FALSE;FALSE;FALSE;FALSE;FALSE;FALSE;FALSE
Asparagus officinalis L.;Gemüse-Spargel;Asparagaceae;perennial;TRUE;FALSE;TRUE;FALSE;TRUE;FALSE;3;FALSE;FALSE;FALSE;FALSE;FALSE;TRUE;TRUE;TRUE;FALSE;FALSE;FALSE;FALSE;FALSE;3;TRUE;TRUE;FALSE;FALSE;2;30;150;FALSE;TRUE;TRUE;TRUE;FALSE;TRUE;FALSE;FALSE;FALSE;FALSE;FALSE;FALSE;FALSE;FALSE;FALSE;FALSE;FALSE;FALSE;FALSE;FALSE;FALSE;TRUE;FALSE;FALSE;FALSE;FALSE;FALSE;FALSE;FALSE;FALSE
Bellis perennis L. ;Gänseblümchen, Ausdauerndes Gänseblümchen, Gewöhnliches Gänseblümchen, Mehrjähriges Gänseblümchen, Maßliebchen, Tausendschön, Monatsröserl, Margritli ;Asteraceae;perennial;TRUE;TRUE;FALSE;FALSE;FALSE;FALSE;2;FALSE;(TRUE);(TRUE);(TRUE);TRUE;TRUE;TRUE;TRUE;TRUE;TRUE;TRUE;(TRUE);(TRUE);7;TRUE;TRUE;TRUE;(TRUE);3;3;15;FALSE;TRUE;FALSE;FALSE;TRUE;FALSE;FALSE;FALSE;FALSE;FALSE;TRUE;FALSE;FALSE;FALSE;FALSE;FALSE;FALSE;TRUE;FALSE;FALSE;FALSE;FALSE;FALSE;FALSE;FALSE;FALSE;FALSE;FALSE;FALSE;FALSE
Berberis vulgaris L.;Gewöhnliche Berberitze, Sauerdorn, Essigbeere, Echte Berberitze;Asteraceae;perennial;TRUE;TRUE;TRUE;FALSE;TRUE;FALSE;4;TRUE;FALSE;FALSE;FALSE;TRUE;TRUE;TRUE;FALSE;FALSE;FALSE;FALSE;FALSE;FALSE;3;TRUE;TRUE;FALSE;FALSE;2;150;300;FALSE;TRUE;TRUE;FALSE;FALSE;FALSE;TRUE;FALSE;TRUE;FALSE;TRUE;FALSE;FALSE;FALSE;FALSE;FALSE;FALSE;FALSE;FALSE;FALSE;FALSE;FALSE;FALSE;TRUE;FALSE;FALSE;FALSE;FALSE;FALSE;FALSE
Brassica napus L. ;Raps, Reps, Lewat, Rapskohl, Kohlrübe, Schnittkohl;Brassicaceae;annual, biennial;TRUE;TRUE;FALSE;FALSE;FALSE;FALSE;2;FALSE;FALSE;FALSE;FALSE;TRUE;TRUE;TRUE;TRUE;TRUE;TRUE;FALSE;FALSE;FALSE;6;TRUE;TRUE;TRUE;FALSE;3;100;140;FALSE;TRUE;FALSE;TRUE;FALSE;FALSE;FALSE;FALSE;FALSE;FALSE;FALSE;FALSE;FALSE;FALSE;FALSE;FALSE;FALSE;TRUE;TRUE;FALSE;FALSE;FALSE;FALSE;FALSE;FALSE;FALSE;FALSE;FALSE;FALSE;FALSE
Butomus umbellatus L.;Schwanenblume, doldenblütiger Liesch;Butomaceae;perennial;FALSE;TRUE;FALSE;FALSE;TRUE;FALSE;2;FALSE;FALSE;FALSE;FALSE;FALSE;FALSE;TRUE;TRUE;TRUE;FALSE;FALSE;FALSE;FALSE;3;FALSE;TRUE;FALSE;FALSE;1;50;150;FALSE;TRUE;FALSE;FALSE;TRUE;FALSE;FALSE;FALSE;FALSE;TRUE;TRUE;FALSE;FALSE;FALSE;FALSE;FALSE;FALSE;FALSE;FALSE;FALSE;FALSE;FALSE;FALSE;FALSE;FALSE;FALSE;FALSE;FALSE;FALSE;FALSE
Campanula patula L. ;Wiesen-Glockenblume, ausgebreitete-Glockenblume;Campanulaceae;biennial;TRUE;TRUE;FALSE;FALSE;FALSE;FALSE;2;TRUE;FALSE;FALSE;FALSE;FALSE;TRUE;TRUE;TRUE;FALSE;FALSE;FALSE;FALSE;FALSE;3;TRUE;TRUE;FALSE;FALSE;2;30;60;TRUE;FALSE;FALSE;FALSE;FALSE;FALSE;FALSE;FALSE;FALSE;FALSE;FALSE;FALSE;FALSE;FALSE;FALSE;FALSE;FALSE;FALSE;FALSE;FALSE;FALSE;FALSE;FALSE;FALSE;FALSE;FALSE;FALSE;FALSE;FALSE;FALSE
Capsella bursa-pastoris (L.) Med. ;Gewöhnliches Hirtentäschel, Hirtentäschelkraut ;Brassicaceae;annual;TRUE;TRUE;FALSE;FALSE;FALSE;FALSE;2;TRUE;TRUE;TRUE;TRUE;TRUE;TRUE;TRUE;TRUE;TRUE;TRUE;TRUE;TRUE;TRUE;12;TRUE;TRUE;TRUE;TRUE;4;10;70;FALSE;FALSE;FALSE;FALSE;FALSE;TRUE;FALSE;FALSE;FALSE;FALSE;FALSE;FALSE;FALSE;FALSE;FALSE;FALSE;FALSE;FALSE;FALSE;TRUE;FALSE;FALSE;FALSE;FALSE;FALSE;FALSE;FALSE;FALSE;FALSE;FALSE
Carum carvi L. ;Echter Kümmel, Kümmel, Wiesen-Kümmel, Gemeiner Kümmel;Apiaceae;biennial;TRUE;TRUE;FALSE;FALSE;FALSE;FALSE;2;TRUE;FALSE;FALSE;FALSE;FALSE;TRUE;TRUE;TRUE;FALSE;FALSE;FALSE;FALSE;FALSE;3;TRUE;TRUE;FALSE;FALSE;2;30;80;FALSE;TRUE;FALSE;TRUE;TRUE;FALSE;FALSE;FALSE;FALSE;FALSE;FALSE;FALSE;FALSE;FALSE;FALSE;FALSE;FALSE;FALSE;FALSE;FALSE;FALSE;FALSE;FALSE;FALSE;TRUE;FALSE;FALSE;FALSE;FALSE;FALSE
Centaurea jacea L. ;Wiesen-Flockenblume, Gewöhnliche Flockenblume, Gemeine Flockenblume;Asteraceae;perennial;TRUE;FALSE;FALSE;FALSE;TRUE;FALSE;2;FALSE;FALSE;FALSE;FALSE;FALSE;(TRUE);TRUE;TRUE;TRUE;FALSE;FALSE;FALSE;FALSE;3;(TRUE);TRUE;FALSE;FALSE;1;15;60;FALSE;FALSE;FALSE;FALSE;FALSE;FALSE;FALSE;FALSE;FALSE;FALSE;FALSE;FALSE;FALSE;FALSE;FALSE;FALSE;FALSE;TRUE;FALSE;FALSE;FALSE;FALSE;FALSE;FALSE;FALSE;FALSE;FALSE;FALSE;FALSE;FALSE
Cerastium arvense L. ;Acker-Hornkraut;Caryophyllaceae;perennial;TRUE;TRUE;FALSE;TRUE;FALSE;FALSE;3;TRUE;FALSE;FALSE;FALSE;TRUE;TRUE;TRUE;TRUE;TRUE;FALSE;FALSE;FALSE;FALSE;5;TRUE;TRUE;FALSE;FALSE;2;3;30;FALSE;FALSE;FALSE;FALSE;FALSE;FALSE;FALSE;FALSE;FALSE;FALSE;TRUE;FALSE;FALSE;FALSE;FALSE;FALSE;FALSE;FALSE;FALSE;FALSE;FALSE;FALSE;FALSE;FALSE;FALSE;FALSE;FALSE;FALSE;FALSE;FALSE
Chelidonium majus L. ;Gewöhnliches Schöllkraut, Schöllkraut, grosses Schöllkraut;Papaveraceae;perennial;TRUE;TRUE;TRUE;FALSE;FALSE;FALSE;3;TRUE;FALSE;FALSE;FALSE;TRUE;TRUE;TRUE;TRUE;TRUE;TRUE;TRUE;FALSE;FALSE;7;TRUE;TRUE;TRUE;FALSE;3;30;70;FALSE;FALSE;TRUE;FALSE;TRUE;FALSE;FALSE;FALSE;TRUE;FALSE;FALSE;FALSE;FALSE;FALSE;FALSE;FALSE;FALSE;FALSE;FALSE;FALSE;FALSE;FALSE;FALSE;FALSE;FALSE;FALSE;FALSE;FALSE;FALSE;FALSE
Cichorium intybus L. ;Gemeine Wegwarte, Gewöhnliche Wegwarte, Zichorie, Wegwarte, Chicoree;Asteraceae;perennial;TRUE;TRUE;FALSE;FALSE;TRUE;FALSE;3;TRUE;FALSE;FALSE;FALSE;FALSE;FALSE;FALSE;TRUE;TRUE;TRUE;TRUE;FALSE;FALSE;4;FALSE;TRUE;TRUE;FALSE;2;30;120;FALSE;TRUE;FALSE;TRUE;FALSE;FALSE;TRUE;FALSE;FALSE;FALSE;FALSE;FALSE;FALSE;FALSE;FALSE;FALSE;FALSE;FALSE;FALSE;TRUE;FALSE;TRUE;FALSE;FALSE;FALSE;FALSE;FALSE;TRUE;FALSE;FALSE
Cirsium arvense (L.) Scop.  ;Acker-Kratzdistel, Ackerdistel ;Asteraceae;perennial;TRUE;FALSE;TRUE;FALSE;TRUE;FALSE;3;FALSE;FALSE;FALSE;FALSE;FALSE;FALSE;FALSE;TRUE;TRUE;TRUE;FALSE;FALSE;FALSE;3;FALSE;TRUE;TRUE;FALSE;2;60;120;FALSE;FALSE;FALSE;FALSE;FALSE;FALSE;FALSE;FALSE;FALSE;FALSE;FALSE;FALSE;FALSE;FALSE;FALSE;FALSE;FALSE;FALSE;FALSE;FALSE;FALSE;FALSE;FALSE;FALSE;FALSE;FALSE;FALSE;FALSE;FALSE;FALSE
Comarum palustre L.;Sumpf-Blutauge;Rosaceae;perennial;FALSE;TRUE;TRUE;FALSE;TRUE;FALSE;3;FALSE;FALSE;FALSE;FALSE;FALSE;FALSE;TRUE;TRUE;FALSE;FALSE;FALSE;FALSE;FALSE;2;FALSE;TRUE;FALSE;FALSE;1;20;35;FALSE;FALSE;FALSE;FALSE;FALSE;TRUE;FALSE;FALSE;TRUE;FALSE;FALSE;FALSE;FALSE;FALSE;FALSE;FALSE;FALSE;FALSE;FALSE;FALSE;FALSE;FALSE;FALSE;FALSE;FALSE;FALSE;FALSE;FALSE;FALSE;FALSE
Convolvulus arvensis L.  ;Acker-Winde;Convolvulaceae;perennial;TRUE;TRUE;FALSE;FALSE;FALSE;FALSE;2;FALSE;FALSE;FALSE;FALSE;FALSE;FALSE;TRUE;TRUE;TRUE;TRUE;FALSE;FALSE;FALSE;4;FALSE;TRUE;TRUE;FALSE;2;20;80;FALSE;FALSE;FALSE;FALSE;TRUE;FALSE;FALSE;FALSE;FALSE;TRUE;FALSE;FALSE;FALSE;FALSE;FALSE;FALSE;FALSE;FALSE;FALSE;FALSE;FALSE;FALSE;FALSE;FALSE;FALSE;FALSE;FALSE;FALSE;FALSE;FALSE
Cornus sanguinea L. ;Roter Hartriegel, rote Kornelkirsche;Cornaceae;tree;TRUE;TRUE;TRUE;FALSE;FALSE;FALSE;3;TRUE;FALSE;FALSE;FALSE;FALSE;TRUE;TRUE;FALSE;FALSE;FALSE;FALSE;FALSE;FALSE;2;TRUE;TRUE;FALSE;FALSE;2;100;500;FALSE;FALSE;FALSE;FALSE;FALSE;FALSE;FALSE;FALSE;FALSE;FALSE;TRUE;FALSE;FALSE;FALSE;FALSE;FALSE;FALSE;FALSE;FALSE;FALSE;FALSE;FALSE;FALSE;FALSE;FALSE;FALSE;FALSE;FALSE;FALSE;FALSE
Crataegus monogyna Jacq. ;Eingriffeliger Weißdorn, Hagedorn;Rosaceae;tree;TRUE;TRUE;TRUE;FALSE;FALSE;FALSE;3;TRUE;FALSE;FALSE;FALSE;FALSE;TRUE;TRUE;FALSE;FALSE;FALSE;FALSE;FALSE;FALSE;2;TRUE;TRUE;FALSE;FALSE;2;200;1000;FALSE;TRUE;FALSE;FALSE;TRUE;FALSE;FALSE;FALSE;FALSE;FALSE;TRUE;FALSE;FALSE;FALSE;FALSE;TRUE;FALSE;FALSE;FALSE;FALSE;FALSE;FALSE;FALSE;FALSE;FALSE;FALSE;FALSE;TRUE;TRUE;TRUE
Crepis aurea (L.) Cass. Subsp. aurea;Gold-Pippau, goldrote Grundfeste;Asteraceae;perennial;TRUE;FALSE;FALSE;TRUE;FALSE;TRUE;3;FALSE;FALSE;FALSE;FALSE;FALSE;FALSE;TRUE;TRUE;TRUE;FALSE;FALSE;FALSE;FALSE;3;FALSE;TRUE;FALSE;FALSE;1;5;25;FALSE;TRUE;FALSE;FALSE;FALSE;FALSE;FALSE;FALSE;TRUE;FALSE;FALSE;FALSE;FALSE;FALSE;FALSE;FALSE;FALSE;FALSE;FALSE;FALSE;FALSE;FALSE;FALSE;FALSE;FALSE;TRUE;FALSE;FALSE;FALSE;FALSE
Crepis biennis L. ;Wiesen-Pippau, Zweijähriger Pippau ;Asteraceae;biennial;TRUE;TRUE;FALSE;FALSE;FALSE;FALSE;2;FALSE;FALSE;FALSE;FALSE;FALSE;TRUE;TRUE;TRUE;TRUE;FALSE;FALSE;FALSE;FALSE;4;TRUE;TRUE;FALSE;FALSE;2;50;120;FALSE;FALSE;FALSE;FALSE;FALSE;FALSE;FALSE;FALSE;FALSE;FALSE;FALSE;FALSE;FALSE;FALSE;FALSE;FALSE;FALSE;TRUE;FALSE;FALSE;FALSE;FALSE;FALSE;FALSE;FALSE;FALSE;FALSE;FALSE;FALSE;FALSE
Crocus albiflorus Klt.;Weißer Krokus, Alpen-Krokus, Alpen-Safran;Iridaceae;perennial;FALSE;FALSE;FALSE;TRUE;FALSE;FALSE;1;FALSE;FALSE;TRUE;TRUE;TRUE;FALSE;FALSE;FALSE;FALSE;FALSE;FALSE;FALSE;FALSE;3;TRUE;FALSE;FALSE;TRUE;2;8;15;TRUE;FALSE;FALSE;FALSE;FALSE;FALSE;FALSE;FALSE;FALSE;FALSE;TRUE;FALSE;FALSE;FALSE;FALSE;FALSE;FALSE;FALSE;FALSE;FALSE;FALSE;FALSE;FALSE;FALSE;FALSE;FALSE;FALSE;FALSE;FALSE;FALSE
Daucus carota L. ;Gewöhnliche Möhre, gemeine Möhre;Apiaceae;annual, biennial;TRUE;TRUE;FALSE;FALSE;TRUE;TRUE;4;TRUE;FALSE;FALSE;FALSE;FALSE;FALSE;FALSE;TRUE;TRUE;TRUE;FALSE;FALSE;FALSE;3;FALSE;TRUE;TRUE;FALSE;2;30;100;FALSE;TRUE;FALSE;TRUE;FALSE;FALSE;TRUE;FALSE;FALSE;FALSE;FALSE;FALSE;FALSE;FALSE;FALSE;FALSE;FALSE;TRUE;FALSE;FALSE;FALSE;TRUE;FALSE;FALSE;FALSE;FALSE;FALSE;FALSE;FALSE;FALSE
Digitalis purpurea L.;Roter Fingerhut;Schrophulariaceae;biennial;FALSE;FALSE;TRUE;TRUE;FALSE;FALSE;2;TRUE;FALSE;FALSE;FALSE;FALSE;FALSE;TRUE;TRUE;TRUE;FALSE;FALSE;FALSE;FALSE;3;FALSE;TRUE;FALSE;FALSE;1;70;150;FALSE;FALSE;TRUE;FALSE;TRUE;FALSE;FALSE;FALSE;FALSE;FALSE;TRUE;FALSE;FALSE;FALSE;FALSE;FALSE;FALSE;FALSE;FALSE;FALSE;FALSE;FALSE;FALSE;FALSE;FALSE;FALSE;FALSE;FALSE;FALSE;FALSE
Drosera rotundifolia L.;Rundblättriger Sonnentau, Himmelstau, Herrgottslöffel, Himmelslöffelkraut, Spölkrut, Brunstkraut, Bullenkraut, Widdertod;Droseraceae;perennial;FALSE;TRUE;FALSE;FALSE;TRUE;FALSE;2;TRUE;FALSE;FALSE;FALSE;FALSE;FALSE;FALSE;TRUE;TRUE;FALSE;FALSE;FALSE;FALSE;2;FALSE;TRUE;FALSE;FALSE;1;7;20;TRUE;FALSE;FALSE;FALSE;FALSE;FALSE;FALSE;FALSE;TRUE;FALSE;FALSE;FALSE;FALSE;FALSE;FALSE;FALSE;FALSE;FALSE;FALSE;FALSE;FALSE;FALSE;FALSE;FALSE;FALSE;FALSE;FALSE;FALSE;FALSE;FALSE
Echium vulgare L. ;Gewöhnliche Natternkopf, Gemeiner Natternkopf, Blaue Natternkopf ;Boraginaceae;biennial;TRUE;TRUE;FALSE;FALSE;FALSE;TRUE;3;FALSE;FALSE;FALSE;FALSE;FALSE;TRUE;TRUE;TRUE;TRUE;TRUE;TRUE;FALSE;FALSE;6;TRUE;TRUE;TRUE;FALSE;3;25;80;FALSE;FALSE;FALSE;FALSE;FALSE;FALSE;FALSE;FALSE;FALSE;FALSE;TRUE;FALSE;FALSE;TRUE;FALSE;FALSE;FALSE;FALSE;FALSE;FALSE;FALSE;FALSE;FALSE;FALSE;FALSE;FALSE;FALSE;FALSE;FALSE;FALSE
Epilobium angustifolium L. ;Schmalblättriges Weidenröschen;Onagraceae;perennial;TRUE;TRUE;TRUE;TRUE;FALSE;FALSE;4;TRUE;FALSE;FALSE;FALSE;FALSE;FALSE;TRUE;TRUE;FALSE;FALSE;FALSE;FALSE;FALSE;2;FALSE;TRUE;FALSE;FALSE;1;60;120;FALSE;TRUE;FALSE;FALSE;TRUE;FALSE;FALSE;FALSE;FALSE;FALSE;FALSE;FALSE;FALSE;TRUE;FALSE;FALSE;FALSE;FALSE;FALSE;TRUE;FALSE;TRUE;FALSE;FALSE;FALSE;TRUE;FALSE;FALSE;FALSE;FALSE
Epipactis atrorubens (Hoffm.) Besser;Rotbraune/braunrote Stendelwurz;Orchidaceae;perennial;TRUE;TRUE;TRUE;TRUE;FALSE;TRUE;5;TRUE;FALSE;FALSE;FALSE;FALSE;FALSE;TRUE;TRUE;FALSE;FALSE;FALSE;FALSE;FALSE;2;FALSE;TRUE;FALSE;FALSE;1;30;60;TRUE;FALSE;FALSE;FALSE;FALSE;FALSE;FALSE;FALSE;FALSE;FALSE;FALSE;FALSE;FALSE;FALSE;FALSE;FALSE;FALSE;FALSE;FALSE;FALSE;FALSE;FALSE;FALSE;FALSE;FALSE;FALSE;FALSE;FALSE;FALSE;FALSE
Euonymus europaeus L.  ;Europäisches Pfaffenhütchen, Europäisches Spindelstrauch, Gewöhnliches Pfaffenhütchen, Gewöhnliche Spindelstrauch, Pfaffenkäppchen, Pfaffenkapperl, Pfarrerkapperl, Spillbaum, Spindelbaum;Celastraceae;tree;TRUE;TRUE;TRUE;FALSE;TRUE;FALSE;4;TRUE;FALSE;FALSE;FALSE;FALSE;TRUE;TRUE;FALSE;FALSE;FALSE;FALSE;FALSE;FALSE;2;TRUE;TRUE;FALSE;FALSE;2;150;300;FALSE;FALSE;TRUE;FALSE;FALSE;FALSE;FALSE;FALSE;FALSE;FALSE;FALSE;FALSE;FALSE;FALSE;FALSE;FALSE;TRUE;FALSE;FALSE;FALSE;FALSE;FALSE;FALSE;FALSE;FALSE;FALSE;FALSE;FALSE;FALSE;FALSE
Euphorbia cyparissias L.  ;Zypressen-Wolfsmilch;Euphorbiaceae;perennial;TRUE;TRUE;TRUE;FALSE;FALSE;FALSE;3;TRUE;FALSE;FALSE;FALSE;TRUE;TRUE;FALSE;FALSE;FALSE;FALSE;FALSE;FALSE;FALSE;2;TRUE;FALSE;FALSE;FALSE;1;15;30;FALSE;FALSE;FALSE;FALSE;FALSE;FALSE;FALSE;FALSE;FALSE;FALSE;FALSE;FALSE;FALSE;FALSE;FALSE;FALSE;FALSE;FALSE;FALSE;FALSE;FALSE;FALSE;FALSE;FALSE;FALSE;FALSE;FALSE;FALSE;FALSE;FALSE
Filipendula ulmaria (L.) Maxim. ;Echtes Mädesüß, Große Spierstaude;Rosaceae;perennial;TRUE;TRUE;TRUE;FALSE;TRUE;FALSE;4;FALSE;FALSE;FALSE;FALSE;FALSE;FALSE;TRUE;TRUE;TRUE;FALSE;FALSE;FALSE;FALSE;3;FALSE;TRUE;FALSE;FALSE;1;50;150;FALSE;TRUE;FALSE;FALSE;TRUE;FALSE;FALSE;FALSE;FALSE;FALSE;FALSE;TRUE;FALSE;FALSE;FALSE;FALSE;FALSE;FALSE;FALSE;FALSE;FALSE;FALSE;FALSE;FALSE;FALSE;TRUE;FALSE;FALSE;FALSE;FALSE
Fragaria vesca L.  ;Wald-Erdbeere, Monatserdbeere, Rotbeere, gemeine Erdbeere;Rosaceae;perennial;TRUE;TRUE;TRUE;FALSE;FALSE;FALSE;3;TRUE;FALSE;FALSE;FALSE;FALSE;TRUE;TRUE;FALSE;FALSE;FALSE;FALSE;FALSE;FALSE;2;TRUE;TRUE;FALSE;FALSE;2;5;20;FALSE;TRUE;FALSE;FALSE;FALSE;FALSE;TRUE;FALSE;FALSE;FALSE;FALSE;FALSE;FALSE;FALSE;FALSE;FALSE;FALSE;FALSE;FALSE;FALSE;FALSE;FALSE;TRUE;FALSE;FALSE;FALSE;FALSE;FALSE;FALSE;FALSE
Galium aparine L. ;Kletten-Labkraut, Gewöhnliches Kletten-Labkraut, Klebkraut;Rubiaceae;annual;TRUE;TRUE;TRUE;FALSE;TRUE;FALSE;4;TRUE;FALSE;FALSE;FALSE;FALSE;FALSE;TRUE;TRUE;TRUE;TRUE;TRUE;FALSE;FALSE;5;FALSE;TRUE;TRUE;FALSE;2;50;200;FALSE;TRUE;FALSE;FALSE;FALSE;FALSE;TRUE;FALSE;FALSE;FALSE;FALSE;FALSE;FALSE;FALSE;FALSE;FALSE;FALSE;FALSE;FALSE;FALSE;FALSE;TRUE;FALSE;FALSE;FALSE;FALSE;FALSE;FALSE;FALSE;FALSE
Galium odoratum (L.) Scop.  ;Waldmeister, Wohlriechende Labkraut, Maikraut/Maienkraut;Rubiaceae;perennial;FALSE;FALSE;TRUE;FALSE;FALSE;FALSE;1;FALSE;FALSE;FALSE;FALSE;FALSE;TRUE;TRUE;FALSE;FALSE;FALSE;FALSE;FALSE;FALSE;2;TRUE;TRUE;FALSE;FALSE;2;10;30;FALSE;TRUE;FALSE;FALSE;FALSE;FALSE;TRUE;FALSE;FALSE;FALSE;FALSE;FALSE;FALSE;FALSE;FALSE;FALSE;FALSE;FALSE;FALSE;FALSE;FALSE;FALSE;FALSE;FALSE;TRUE;FALSE;FALSE;FALSE;FALSE;FALSE
Gentiana asclepiadea L.;Schwalbenwurz-Enzial, Würger-Enzian;Gentianaceae;perennial;FALSE;FALSE;TRUE;TRUE;TRUE;TRUE;4;FALSE;FALSE;FALSE;FALSE;FALSE;FALSE;FALSE;TRUE;TRUE;TRUE;FALSE;FALSE;FALSE;3;FALSE;TRUE;TRUE;FALSE;2;30;80;FALSE;FALSE;FALSE;FALSE;FALSE;FALSE;TRUE;FALSE;FALSE;FALSE;FALSE;FALSE;FALSE;FALSE;FALSE;FALSE;FALSE;FALSE;FALSE;FALSE;FALSE;FALSE;FALSE;FALSE;FALSE;FALSE;FALSE;FALSE;FALSE;FALSE
Gentiana bavarica L.;Bayerischer Enzian;Gentianaceae;perennial;FALSE;FALSE;FALSE;TRUE;TRUE;TRUE;3;FALSE;FALSE;FALSE;FALSE;FALSE;FALSE;FALSE;TRUE;TRUE;FALSE;FALSE;FALSE;FALSE;2;FALSE;TRUE;FALSE;FALSE;1;4;20;FALSE;FALSE;FALSE;FALSE;FALSE;FALSE;FALSE;FALSE;FALSE;FALSE;FALSE;FALSE;FALSE;FALSE;FALSE;FALSE;FALSE;FALSE;FALSE;FALSE;FALSE;FALSE;FALSE;FALSE;FALSE;FALSE;FALSE;FALSE;FALSE;FALSE
Gentiana clusii E. P. Perrier & Songeon;Kalk-Glocken-Enzian, Clusius-Enzian;Gentianaceae;perennial;FALSE;FALSE;FALSE;TRUE;TRUE;TRUE;3;FALSE;FALSE;FALSE;FALSE;TRUE;TRUE;TRUE;TRUE;TRUE;FALSE;FALSE;FALSE;FALSE;5;TRUE;TRUE;FALSE;FALSE;2;5;10;TRUE;FALSE;FALSE;FALSE;FALSE;FALSE;FALSE;FALSE;FALSE;FALSE;FALSE;FALSE;FALSE;FALSE;FALSE;FALSE;FALSE;FALSE;FALSE;FALSE;FALSE;FALSE;FALSE;FALSE;FALSE;FALSE;FALSE;FALSE;FALSE;FALSE
Geranium robertianum L. ;Ruprechtskraut, Stinkender Storchschnabel, Stinkstorchschnabel;Geraniaceae;annual;TRUE;TRUE;TRUE;TRUE;FALSE;TRUE;5;TRUE;FALSE;FALSE;FALSE;FALSE;TRUE;TRUE;TRUE;TRUE;TRUE;TRUE;FALSE;FALSE;6;TRUE;TRUE;TRUE;FALSE;3;20;40;FALSE;FALSE;FALSE;FALSE;FALSE;FALSE;TRUE;FALSE;FALSE;FALSE;TRUE;FALSE;FALSE;FALSE;FALSE;FALSE;FALSE;FALSE;FALSE;FALSE;FALSE;FALSE;FALSE;FALSE;FALSE;FALSE;FALSE;FALSE;FALSE;FALSE
Geranium sanguineum L.  ;Blut-Storchschnabel, Blutroter Storchschnabel, Blutröschen, Hühnerwurz;Geraniaceae;perennial;TRUE;TRUE;TRUE;FALSE;FALSE;FALSE;3;TRUE;FALSE;FALSE;FALSE;FALSE;FALSE;TRUE;TRUE;TRUE;FALSE;FALSE;FALSE;FALSE;3;FALSE;TRUE;FALSE;FALSE;1;15;50;FALSE;FALSE;FALSE;FALSE;FALSE;FALSE;TRUE;FALSE;FALSE;FALSE;TRUE;FALSE;FALSE;FALSE;FALSE;FALSE;FALSE;FALSE;FALSE;FALSE;FALSE;FALSE;FALSE;FALSE;FALSE;FALSE;FALSE;FALSE;FALSE;FALSE
Geum urbanum L. ;Echte Nelkenwurz, Gemeine Nelkenwurz, Gewöhnliche Nelkenwurz;Rosaceae;perennial;TRUE;TRUE;TRUE;FALSE;TRUE;FALSE;4;TRUE;FALSE;FALSE;FALSE;FALSE;TRUE;TRUE;TRUE;TRUE;TRUE;TRUE;FALSE;FALSE;6;TRUE;TRUE;TRUE;FALSE;3;30;120;FALSE;TRUE;FALSE;FALSE;TRUE;FALSE;FALSE;FALSE;FALSE;FALSE;FALSE;FALSE;FALSE;FALSE;FALSE;FALSE;FALSE;FALSE;FALSE;TRUE;FALSE;TRUE;FALSE;FALSE;FALSE;FALSE;FALSE;FALSE;FALSE;FALSE
Glechoma hederacea L.  ;Gewöhnlicher Gundermann, Gewöhnliche Gundelrebe, Echt-Gundelrebe, Gundelrebe, Erdefeu, Efeu-Gundermann, epheublättrige Gundelrebe;Lamiaceae;perennial;TRUE;TRUE;TRUE;FALSE;TRUE;TRUE;5;TRUE;FALSE;FALSE;FALSE;TRUE;TRUE;TRUE;FALSE;FALSE;FALSE;FALSE;FALSE;FALSE;3;TRUE;TRUE;FALSE;FALSE;2;10;40;FALSE;TRUE;FALSE;FALSE;FALSE;FALSE;TRUE;FALSE;FALSE;FALSE;FALSE;FALSE;FALSE;FALSE;FALSE;FALSE;FALSE;FALSE;FALSE;FALSE;FALSE;TRUE;FALSE;FALSE;FALSE;FALSE;FALSE;FALSE;FALSE;FALSE
Hedera helix L.  ;Gewöhnlicher Efeu, Gemeiner Efeu, Efeu;Araliaceae;tree;FALSE;TRUE;TRUE;TRUE;FALSE;TRUE;4;FALSE;FALSE;FALSE;FALSE;FALSE;FALSE;FALSE;FALSE;FALSE;TRUE;TRUE;TRUE;FALSE;3;FALSE;FALSE;TRUE;FALSE;1;50;2000;FALSE;FALSE;FALSE;FALSE;FALSE;FALSE;TRUE;FALSE;FALSE;FALSE;TRUE;FALSE;FALSE;FALSE;TRUE;FALSE;FALSE;FALSE;FALSE;FALSE;FALSE;FALSE;FALSE;FALSE;FALSE;FALSE;FALSE;FALSE;FALSE;FALSE
Helleborus niger L.;Schwarze Nieswurz, Schneerose,  Christrose;Ranunculaceae;perennial;TRUE;TRUE;TRUE;TRUE;FALSE;TRUE;5;TRUE;TRUE;TRUE;TRUE;TRUE;FALSE;FALSE;FALSE;FALSE;FALSE;FALSE;FALSE;(TRUE);4;TRUE;FALSE;FALSE;TRUE;2;15;30;TRUE;FALSE;TRUE;FALSE;FALSE;TRUE;FALSE;FALSE;FALSE;FALSE;TRUE;FALSE;FALSE;FALSE;FALSE;FALSE;FALSE;FALSE;FALSE;FALSE;FALSE;FALSE;FALSE;FALSE;FALSE;FALSE;FALSE;FALSE;FALSE;FALSE
Hepatica nobilis Schreb.;Leberblümchen;Ranunculaceae;perennial;FALSE;FALSE;TRUE;FALSE;FALSE;FALSE;1;FALSE;FALSE;(TRUE);TRUE;TRUE;FALSE;FALSE;FALSE;FALSE;FALSE;FALSE;FALSE;FALSE;2;TRUE;FALSE;FALSE;(TRUE);1;5;15;FALSE;FALSE;TRUE;TRUE;FALSE;FALSE;FALSE;TRUE;FALSE;FALSE;TRUE;FALSE;FALSE;FALSE;FALSE;FALSE;FALSE;FALSE;FALSE;FALSE;FALSE;FALSE;FALSE;FALSE;FALSE;FALSE;FALSE;FALSE;FALSE;FALSE
Heracleum sphondylium L. ;Wiesen-Bärenklau, Gemeine Bärenklau, gewöhnliche Bärenklau;Apiaceae;perennial;TRUE;FALSE;TRUE;TRUE;TRUE;FALSE;4;FALSE;FALSE;FALSE;FALSE;FALSE;FALSE;TRUE;TRUE;TRUE;TRUE;FALSE;FALSE;FALSE;4;FALSE;TRUE;TRUE;FALSE;2;50;150;FALSE;TRUE;FALSE;FALSE;FALSE;FALSE;FALSE;FALSE;FALSE;FALSE;FALSE;FALSE;FALSE;FALSE;FALSE;FALSE;FALSE;FALSE;FALSE;FALSE;TRUE;FALSE;FALSE;FALSE;TRUE;FALSE;FALSE;FALSE;FALSE;FALSE
Hieracium sylvaticum (L.) Grufb.  [Syn.: Hieracium murorum L.];Wald-Habichtskraut, Mauer-Habichtskraut;Asteraceae;perennial;TRUE;FALSE;TRUE;TRUE;FALSE;FALSE;3;FALSE;FALSE;FALSE;FALSE;FALSE;TRUE;TRUE;TRUE;TRUE;FALSE;FALSE;FALSE;FALSE;4;TRUE;TRUE;FALSE;FALSE;2;20;60;FALSE;FALSE;FALSE;FALSE;FALSE;FALSE;FALSE;FALSE;FALSE;FALSE;FALSE;FALSE;FALSE;FALSE;FALSE;FALSE;FALSE;FALSE;FALSE;FALSE;FALSE;FALSE;FALSE;FALSE;FALSE;FALSE;FALSE;FALSE;FALSE;FALSE
Hippocrepis comosa L.  ;Schopfiger, Gewöhnliche Hufeisenklee, Schopfiger Hufeisenklee, Hufeisenklee ;Fabaceae;perennial;TRUE;TRUE;TRUE;TRUE;FALSE;TRUE;5;TRUE;FALSE;FALSE;FALSE;FALSE;TRUE;TRUE;TRUE;FALSE;FALSE;FALSE;FALSE;FALSE;3;TRUE;TRUE;FALSE;FALSE;2;8;25;FALSE;FALSE;FALSE;FALSE;FALSE;FALSE;FALSE;FALSE;FALSE;FALSE;FALSE;FALSE;FALSE;FALSE;FALSE;FALSE;FALSE;TRUE;FALSE;FALSE;FALSE;FALSE;FALSE;FALSE;FALSE;FALSE;FALSE;FALSE;FALSE;FALSE
Hypericum perforatum L. ;Tüpfel-Johanniskraut, Echtes Johanniskraut, Echt-Johanniskraut, Gewöhnliches Johanniskraut, Durchlöchertes Johanniskraut, Tüpfel-Hartheu, Johanniskraut, Johanneskraut, punktiertes Hartheu;Hypericaceae;perennial;TRUE;TRUE;TRUE;FALSE;FALSE;TRUE;4;TRUE;FALSE;FALSE;FALSE;FALSE;FALSE;TRUE;TRUE;TRUE;FALSE;FALSE;FALSE;FALSE;3;FALSE;TRUE;FALSE;FALSE;1;15;60;FALSE;FALSE;FALSE;FALSE;TRUE;FALSE;TRUE;FALSE;FALSE;FALSE;FALSE;FALSE;FALSE;FALSE;FALSE;FALSE;FALSE;FALSE;FALSE;FALSE;FALSE;FALSE;FALSE;FALSE;FALSE;FALSE;FALSE;FALSE;FALSE;FALSE
Knautia arvensis (L.) Coult. ;Acker-Witwenblume, Wiesen-Witwenblume, Nähkisselchen, Wiesenskabiose, Acker-Knautie;Dipsacaceae;perennial;TRUE;TRUE;TRUE;FALSE;FALSE;FALSE;3;TRUE;FALSE;FALSE;FALSE;FALSE;FALSE;FALSE;TRUE;TRUE;FALSE;FALSE;FALSE;FALSE;2;FALSE;TRUE;FALSE;FALSE;1;30;80;FALSE;TRUE;FALSE;FALSE;TRUE;FALSE;FALSE;FALSE;FALSE;FALSE;FALSE;FALSE;FALSE;FALSE;FALSE;FALSE;FALSE;FALSE;FALSE;TRUE;TRUE;FALSE;FALSE;FALSE;FALSE;FALSE;FALSE;FALSE;FALSE;FALSE
Lamium album L.  ;Weiße Taubnessel;Lamiaceae;perennial;FALSE;TRUE;TRUE;FALSE;FALSE;TRUE;3;TRUE;FALSE;FALSE;FALSE;TRUE;TRUE;TRUE;TRUE;TRUE;TRUE;TRUE;FALSE;FALSE;7;TRUE;TRUE;TRUE;FALSE;3;20;50;FALSE;TRUE;FALSE;FALSE;FALSE;FALSE;TRUE;FALSE;FALSE;FALSE;FALSE;FALSE;FALSE;TRUE;FALSE;FALSE;FALSE;FALSE;FALSE;FALSE;FALSE;TRUE;FALSE;FALSE;FALSE;FALSE;FALSE;FALSE;FALSE;FALSE
Lamium maculatum L. ;Gefleckte Taubnessel;Lamiaceae;perennial;TRUE;TRUE;TRUE;FALSE;TRUE;FALSE;4;TRUE;FALSE;FALSE;FALSE;TRUE;TRUE;TRUE;TRUE;TRUE;TRUE;FALSE;FALSE;FALSE;6;TRUE;TRUE;TRUE;FALSE;3;15;60;FALSE;TRUE;FALSE;FALSE;FALSE;FALSE;FALSE;FALSE;FALSE;FALSE;TRUE;FALSE;FALSE;FALSE;FALSE;FALSE;FALSE;FALSE;FALSE;FALSE;TRUE;FALSE;FALSE;FALSE;FALSE;FALSE;FALSE;FALSE;FALSE;FALSE
Lapsana communis L.  ;Gewöhnlicher Rainkohl, Gemeine Rainkohl, Gemeine Milche, Rainkohl;Asteraceae;annual;TRUE;TRUE;TRUE;FALSE;FALSE;TRUE;4;TRUE;FALSE;FALSE;FALSE;FALSE;FALSE;TRUE;TRUE;TRUE;TRUE;FALSE;FALSE;FALSE;4;FALSE;TRUE;TRUE;FALSE;2;30;100;FALSE;TRUE;FALSE;FALSE;FALSE;FALSE;TRUE;FALSE;FALSE;FALSE;FALSE;FALSE;FALSE;FALSE;FALSE;FALSE;FALSE;FALSE;FALSE;FALSE;FALSE;TRUE;FALSE;FALSE;FALSE;FALSE;FALSE;FALSE;FALSE;FALSE
Lathyrus pratensis L.  ;Wiesen-Platterbse;Fabaceae;perennial;TRUE;TRUE;TRUE;FALSE;TRUE;FALSE;4;TRUE;FALSE;FALSE;FALSE;FALSE;FALSE;TRUE;TRUE;TRUE;FALSE;FALSE;FALSE;FALSE;3;FALSE;TRUE;FALSE;FALSE;1;30;100;FALSE;FALSE;FALSE;FALSE;TRUE;FALSE;FALSE;FALSE;FALSE;FALSE;FALSE;FALSE;FALSE;FALSE;FALSE;FALSE;FALSE;FALSE;FALSE;FALSE;FALSE;FALSE;FALSE;FALSE;FALSE;FALSE;FALSE;FALSE;FALSE;FALSE
Lavandula angustifolia Mill.;Echter Lavender;Lamiaceae;perennial;FALSE;TRUE;FALSE;FALSE;FALSE;TRUE;2;FALSE;FALSE;FALSE;FALSE;FALSE;FALSE;TRUE;TRUE;TRUE;FALSE;FALSE;FALSE;FALSE;3;FALSE;TRUE;FALSE;FALSE;1;20;60;FALSE;FALSE;FALSE;TRUE;TRUE;FALSE;FALSE;FALSE;FALSE;FALSE;TRUE;TRUE;FALSE;TRUE;FALSE;FALSE;FALSE;FALSE;TRUE;FALSE;FALSE;FALSE;FALSE;FALSE;FALSE;FALSE;FALSE;FALSE;FALSE;FALSE
Leontopodium alpinum Cass.;Alpen-Edelweiß, Edelweiß;Asteraceae;perennial;FALSE;FALSE;FALSE;FALSE;FALSE;TRUE;1;FALSE;FALSE;FALSE;FALSE;FALSE;FALSE;FALSE;TRUE;TRUE;TRUE;FALSE;FALSE;FALSE;3;FALSE;TRUE;TRUE;FALSE;2;5;20;TRUE;FALSE;FALSE;FALSE;TRUE;FALSE;FALSE;FALSE;FALSE;FALSE;FALSE;FALSE;TRUE;FALSE;FALSE;FALSE;FALSE;FALSE;FALSE;FALSE;FALSE;FALSE;FALSE;FALSE;FALSE;FALSE;FALSE;FALSE;FALSE;FALSE
Leucanthemum vulgare Lam. ;Magerwiesen-Margerite, Frühe Margerite, Margerite, kleine Wiesen-Margerite, Fiederöhrchen-Margerite;Asteraceae;perennial;TRUE;TRUE;FALSE;FALSE;FALSE;FALSE;2;FALSE;FALSE;FALSE;FALSE;FALSE;TRUE;TRUE;TRUE;TRUE;TRUE;(TRUE);FALSE;FALSE;5;TRUE;TRUE;TRUE;FALSE;3;20;80;FALSE;FALSE;FALSE;FALSE;FALSE;FALSE;FALSE;FALSE;FALSE;FALSE;TRUE;FALSE;FALSE;FALSE;FALSE;FALSE;FALSE;FALSE;FALSE;FALSE;FALSE;FALSE;FALSE;FALSE;FALSE;FALSE;FALSE;FALSE;FALSE;FALSE
Ligustrum vulgare L.  ;Gewöhnlicher Liguster, Rainweide, Gemeiner Liguster, Beinholz, Tintenbeerstrauch, Tintenbeertraube, Zaunriegel, Hartriegel ;Oleaceae;tree;TRUE;TRUE;TRUE;FALSE;FALSE;FALSE;3;TRUE;FALSE;FALSE;FALSE;FALSE;FALSE;TRUE;TRUE;FALSE;FALSE;FALSE;FALSE;FALSE;2;FALSE;TRUE;FALSE;FALSE;1;50;500;FALSE;FALSE;TRUE;FALSE;FALSE;FALSE;FALSE;FALSE;TRUE;FALSE;TRUE;FALSE;FALSE;FALSE;FALSE;FALSE;TRUE;FALSE;FALSE;FALSE;FALSE;FALSE;FALSE;FALSE;FALSE;FALSE;FALSE;FALSE;FALSE;FALSE
Linaria vulgaris Mill. ;Gewöhnliches Leinkraut, Echte Leinkraut, Gemeines Leinkraut, Kleines Löwenmaul, Frauenflachs;Plantaginaceae;perennial;TRUE;TRUE;TRUE;FALSE;FALSE;TRUE;4;TRUE;FALSE;FALSE;FALSE;FALSE;FALSE;TRUE;TRUE;TRUE;TRUE;TRUE;FALSE;FALSE;5;FALSE;TRUE;TRUE;FALSE;2;20;75;FALSE;FALSE;FALSE;FALSE;FALSE;FALSE;TRUE;FALSE;FALSE;FALSE;FALSE;FALSE;FALSE;FALSE;FALSE;FALSE;FALSE;FALSE;FALSE;FALSE;FALSE;FALSE;FALSE;FALSE;FALSE;FALSE;FALSE;FALSE;FALSE;FALSE
Linum viscosum L.;Klebriger Lein;Linaceae;perennial;TRUE;TRUE;TRUE;FALSE;FALSE;FALSE;3;TRUE;FALSE;FALSE;FALSE;FALSE;TRUE;TRUE;TRUE;FALSE;FALSE;FALSE;FALSE;FALSE;3;TRUE;TRUE;FALSE;FALSE;2;30;60;TRUE;FALSE;FALSE;TRUE;FALSE;FALSE;FALSE;FALSE;FALSE;FALSE;TRUE;FALSE;FALSE;FALSE;FALSE;FALSE;FALSE;FALSE;FALSE;FALSE;FALSE;FALSE;FALSE;FALSE;FALSE;FALSE;FALSE;FALSE;FALSE;FALSE
Lonicera xylosteum L.  ;Rote Heckenkirsche, Gewöhnliche Heckenkirsche;Caprifoliaceae;tree;TRUE;TRUE;TRUE;FALSE;FALSE;FALSE;3;TRUE;FALSE;FALSE;FALSE;FALSE;TRUE;TRUE;FALSE;FALSE;FALSE;FALSE;FALSE;FALSE;2;TRUE;TRUE;FALSE;FALSE;2;100;200;FALSE;FALSE;TRUE;FALSE;FALSE;FALSE;FALSE;FALSE;FALSE;FALSE;TRUE;FALSE;FALSE;FALSE;FALSE;FALSE;FALSE;FALSE;FALSE;FALSE;FALSE;FALSE;FALSE;FALSE;FALSE;FALSE;FALSE;FALSE;FALSE;FALSE
Lotus corniculatus L.  ;Gewöhnlicher Hornklee, Gemeiner Hornklee, Schotenklee;Fabaceae;perennial;TRUE;TRUE;FALSE;FALSE;TRUE;TRUE;4;FALSE;FALSE;FALSE;FALSE;FALSE;FALSE;TRUE;TRUE;TRUE;FALSE;FALSE;FALSE;FALSE;3;FALSE;TRUE;FALSE;FALSE;1;20;30;FALSE;FALSE;TRUE;TRUE;FALSE;FALSE;FALSE;FALSE;FALSE;FALSE;FALSE;FALSE;FALSE;FALSE;FALSE;FALSE;FALSE;TRUE;FALSE;FALSE;FALSE;FALSE;FALSE;FALSE;FALSE;FALSE;FALSE;FALSE;FALSE;FALSE
Lychnis flos-cuculi L.  ;Kuckucks-Lichtnelke;Caryophyllaceae;perennial;TRUE;FALSE;FALSE;FALSE;TRUE;FALSE;2;FALSE;FALSE;FALSE;FALSE;FALSE;TRUE;TRUE;TRUE;FALSE;FALSE;FALSE;FALSE;FALSE;3;TRUE;TRUE;FALSE;FALSE;2;30;80;FALSE;FALSE;FALSE;FALSE;FALSE;FALSE;TRUE;FALSE;FALSE;FALSE;TRUE;FALSE;FALSE;FALSE;FALSE;FALSE;FALSE;FALSE;FALSE;FALSE;FALSE;FALSE;FALSE;FALSE;FALSE;FALSE;FALSE;FALSE;FALSE;FALSE
Lysimachia vulgaris L. ;Gewöhnlicher Gilbweiderich, Rispen-Gilbweiderich, Gewöhnlicher Felberich;Primulaceae;perennial;TRUE;TRUE;TRUE;FALSE;TRUE;FALSE;4;FALSE;FALSE;FALSE;FALSE;FALSE;FALSE;TRUE;TRUE;TRUE;FALSE;FALSE;FALSE;FALSE;3;FALSE;TRUE;FALSE;FALSE;1;50;150;FALSE;FALSE;FALSE;FALSE;FALSE;FALSE;TRUE;FALSE;FALSE;FALSE;FALSE;FALSE;FALSE;FALSE;FALSE;FALSE;FALSE;FALSE;FALSE;FALSE;FALSE;FALSE;FALSE;FALSE;FALSE;FALSE;FALSE;FALSE;FALSE;FALSE
Maianthemum bifolium (L.) F. W.  ;Zweiblättrige Schattenblume;Liliaceae;perennial;FALSE;FALSE;TRUE;FALSE;FALSE;FALSE;1;FALSE;FALSE;FALSE;FALSE;FALSE;TRUE;TRUE;FALSE;FALSE;FALSE;FALSE;FALSE;FALSE;2;TRUE;TRUE;FALSE;FALSE;2;10;20;FALSE;FALSE;TRUE;FALSE;FALSE;FALSE;TRUE;FALSE;FALSE;FALSE;FALSE;FALSE;FALSE;FALSE;FALSE;FALSE;FALSE;FALSE;FALSE;FALSE;FALSE;FALSE;FALSE;FALSE;FALSE;FALSE;FALSE;FALSE;FALSE;FALSE
Matricaria recutita L.  ;Echte Kamille;Asteraceae;annual;TRUE;FALSE;FALSE;FALSE;FALSE;FALSE;1;FALSE;FALSE;FALSE;FALSE;FALSE;TRUE;TRUE;TRUE;TRUE;FALSE;FALSE;FALSE;FALSE;4;TRUE;TRUE;FALSE;FALSE;2;15;40;FALSE;TRUE;FALSE;FALSE;TRUE;FALSE;FALSE;FALSE;FALSE;FALSE;FALSE;FALSE;FALSE;FALSE;FALSE;FALSE;FALSE;FALSE;TRUE;FALSE;FALSE;FALSE;FALSE;FALSE;FALSE;TRUE;FALSE;FALSE;FALSE;FALSE
Medicago lupulina L.  ;Hopfen-Luzerne, Hopfenklee, Zetterklee, Gelbklee;Fabaceae;annual to perennial;TRUE;TRUE;FALSE;FALSE;FALSE;FALSE;2;TRUE;FALSE;FALSE;FALSE;FALSE;TRUE;TRUE;TRUE;TRUE;TRUE;TRUE;FALSE;FALSE;6;TRUE;TRUE;TRUE;FALSE;3;15;60;FALSE;FALSE;FALSE;TRUE;FALSE;FALSE;FALSE;FALSE;FALSE;FALSE;FALSE;FALSE;FALSE;FALSE;FALSE;FALSE;FALSE;TRUE;FALSE;FALSE;FALSE;FALSE;FALSE;FALSE;FALSE;FALSE;FALSE;FALSE;FALSE;FALSE
Medicago sativa agg.;Luzerne, Artengruppe Saat-Luzerne;Fabaceae;perennial;TRUE;TRUE;FALSE;FALSE;FALSE;FALSE;2;FALSE;FALSE;FALSE;FALSE;FALSE;FALSE;TRUE;TRUE;TRUE;TRUE;FALSE;FALSE;FALSE;4;FALSE;TRUE;TRUE;FALSE;2;30;80;FALSE;TRUE;FALSE;TRUE;FALSE;FALSE;FALSE;FALSE;FALSE;FALSE;FALSE;FALSE;FALSE;FALSE;FALSE;FALSE;FALSE;TRUE;FALSE;FALSE;FALSE;FALSE;FALSE;FALSE;FALSE;FALSE;FALSE;FALSE;FALSE;FALSE
Mercurialis perennis L.  ;Ausdauerndes Bingelkraut, Wald-Bingelkraut, Dauer-Bingelkraut, Wildhanf ;Euphorbiaceae;perennial;TRUE;TRUE;TRUE;FALSE;TRUE;FALSE;4;TRUE;FALSE;FALSE;FALSE;TRUE;TRUE;FALSE;FALSE;FALSE;FALSE;FALSE;FALSE;FALSE;2;TRUE;FALSE;FALSE;FALSE;1;15;30;FALSE;FALSE;TRUE;FALSE;FALSE;TRUE;FALSE;FALSE;FALSE;FALSE;FALSE;FALSE;FALSE;FALSE;FALSE;FALSE;FALSE;FALSE;FALSE;FALSE;FALSE;FALSE;FALSE;FALSE;FALSE;FALSE;FALSE;FALSE;FALSE;FALSE
Nigritella rhellicani Teppner & E. Klein;Schwarzes Männertreu oder Bränderli, Rhellicanus-Kohl-röschen;Orchidaceae;perennial;TRUE;FALSE;FALSE;FALSE;FALSE;TRUE;2;FALSE;FALSE;FALSE;FALSE;FALSE;FALSE;(TRUE);TRUE;TRUE;FALSE;FALSE;FALSE;FALSE;2;FALSE;TRUE;FALSE;FALSE;1;5;20;TRUE;FALSE;FALSE;FALSE;FALSE;FALSE;FALSE;FALSE;FALSE;FALSE;FALSE;FALSE;FALSE;FALSE;FALSE;FALSE;FALSE;FALSE;FALSE;FALSE;FALSE;FALSE;FALSE;FALSE;FALSE;FALSE;FALSE;FALSE;FALSE;FALSE
Ophrys apifera Huds.;Bienen-Ragwurz, Frauenthräne die Biene;Orchidaceae;perennial;TRUE;TRUE;TRUE;FALSE;FALSE;FALSE;3;TRUE;FALSE;FALSE;FALSE;FALSE;TRUE;TRUE;FALSE;FALSE;FALSE;FALSE;FALSE;FALSE;2;TRUE;TRUE;FALSE;FALSE;2;20;40;TRUE;FALSE;FALSE;FALSE;FALSE;FALSE;FALSE;FALSE;FALSE;FALSE;FALSE;FALSE;FALSE;FALSE;FALSE;FALSE;FALSE;FALSE;FALSE;FALSE;FALSE;FALSE;FALSE;FALSE;FALSE;FALSE;FALSE;FALSE;FALSE;FALSE
Orchis anthropophora (L.) All. (Syn.: Aceras anthropophorum);Ohnhorn, Ohnhorn-Knabenkraut, Männchen-orchis;Orchidaceae;perennial;TRUE;TRUE;TRUE;TRUE;FALSE;TRUE;5;TRUE;FALSE;FALSE;FALSE;FALSE;TRUE;TRUE;FALSE;FALSE;FALSE;FALSE;FALSE;FALSE;2;TRUE;TRUE;FALSE;FALSE;2;20;35;TRUE;FALSE;FALSE;FALSE;FALSE;FALSE;FALSE;FALSE;FALSE;FALSE;FALSE;FALSE;FALSE;FALSE;FALSE;FALSE;FALSE;FALSE;FALSE;FALSE;FALSE;FALSE;FALSE;FALSE;FALSE;FALSE;FALSE;FALSE;FALSE;FALSE
Oxalis acetosella L.  ;Wald-Sauerklee;Oxalidaceae;perennial;FALSE;FALSE;TRUE;TRUE;FALSE;FALSE;2;FALSE;FALSE;FALSE;FALSE;TRUE;TRUE;FALSE;FALSE;FALSE;FALSE;FALSE;FALSE;FALSE;2;TRUE;FALSE;FALSE;FALSE;1;5;12;FALSE;TRUE;FALSE;FALSE;FALSE;FALSE;TRUE;FALSE;FALSE;FALSE;FALSE;FALSE;FALSE;FALSE;FALSE;FALSE;FALSE;FALSE;FALSE;TRUE;TRUE;FALSE;FALSE;FALSE;FALSE;FALSE;FALSE;FALSE;FALSE;FALSE
Papaver alpinum L.;Alpen-Mohn;Papaveraceae;perennial;FALSE;TRUE;FALSE;FALSE;FALSE;TRUE;2;FALSE;FALSE;FALSE;FALSE;FALSE;FALSE;FALSE;TRUE;TRUE;FALSE;FALSE;FALSE;FALSE;2;FALSE;TRUE;FALSE;FALSE;1;5;20;TRUE;FALSE;FALSE;FALSE;FALSE;FALSE;FALSE;FALSE;FALSE;FALSE;FALSE;FALSE;FALSE;FALSE;FALSE;FALSE;FALSE;FALSE;FALSE;FALSE;FALSE;FALSE;FALSE;FALSE;FALSE;FALSE;FALSE;FALSE;FALSE;FALSE
Papaver rhoeas L. ;Klatsch-Mohn, Acker-Mohn, Klatschrose;Papaveraceae;annual;TRUE;FALSE;FALSE;FALSE;FALSE;FALSE;1;TRUE;FALSE;FALSE;FALSE;TRUE;TRUE;TRUE;TRUE;FALSE;FALSE;FALSE;FALSE;FALSE;4;TRUE;TRUE;FALSE;FALSE;2;30;90;FALSE;TRUE;TRUE;FALSE;TRUE;FALSE;FALSE;FALSE;FALSE;FALSE;TRUE;FALSE;FALSE;FALSE;FALSE;FALSE;FALSE;FALSE;FALSE;TRUE;FALSE;FALSE;FALSE;FALSE;FALSE;FALSE;FALSE;FALSE;FALSE;FALSE
Plantago lanceolata L.  ;Spitz-Wegerich;Plantaginaceae;perennial;TRUE;TRUE;FALSE;FALSE;TRUE;FALSE;3;TRUE;FALSE;FALSE;FALSE;FALSE;TRUE;TRUE;TRUE;TRUE;TRUE;FALSE;FALSE;FALSE;5;TRUE;TRUE;TRUE;FALSE;3;10;50;FALSE;TRUE;FALSE;FALSE;TRUE;FALSE;FALSE;FALSE;FALSE;FALSE;FALSE;FALSE;FALSE;FALSE;FALSE;FALSE;FALSE;TRUE;FALSE;TRUE;TRUE;FALSE;FALSE;FALSE;FALSE;FALSE;FALSE;FALSE;FALSE;FALSE
Plantago major L.  ;Breit-Wegerich, Große Wegerich;Plantaginaceae;perennial;TRUE;TRUE;FALSE;FALSE;TRUE;FALSE;3;TRUE;FALSE;FALSE;FALSE;FALSE;FALSE;TRUE;TRUE;TRUE;TRUE;TRUE;FALSE;FALSE;5;FALSE;TRUE;TRUE;FALSE;2;5;40;FALSE;TRUE;FALSE;FALSE;FALSE;TRUE;FALSE;FALSE;FALSE;FALSE;FALSE;FALSE;FALSE;FALSE;FALSE;FALSE;FALSE;FALSE;FALSE;TRUE;TRUE;FALSE;FALSE;FALSE;FALSE;FALSE;FALSE;FALSE;FALSE;FALSE
Polygonatum multiflorum (L.) All.  ;Vielblütige Weißwurz, Vielblütiges Salomonssiegel, Wald-Weißwurz, Wald-Salomonssiegel ;Liliaceae;perennial;TRUE;TRUE;TRUE;FALSE;FALSE;FALSE;3;TRUE;FALSE;FALSE;FALSE;FALSE;TRUE;TRUE;FALSE;FALSE;FALSE;FALSE;FALSE;FALSE;2;TRUE;TRUE;FALSE;FALSE;2;30;80;FALSE;FALSE;TRUE;FALSE;TRUE;FALSE;FALSE;FALSE;FALSE;FALSE;FALSE;FALSE;FALSE;FALSE;FALSE;FALSE;FALSE;FALSE;FALSE;FALSE;FALSE;FALSE;FALSE;FALSE;FALSE;FALSE;FALSE;FALSE;FALSE;FALSE
Polygonum aviculare L.  ;Echter Vogelknöterich;Polygonaceae;annual;TRUE;TRUE;FALSE;FALSE;TRUE;FALSE;3;TRUE;FALSE;FALSE;FALSE;FALSE;FALSE;TRUE;TRUE;TRUE;TRUE;TRUE;TRUE;FALSE;6;FALSE;TRUE;TRUE;FALSE;2;10;100;FALSE;TRUE;FALSE;FALSE;TRUE;FALSE;FALSE;FALSE;FALSE;FALSE;FALSE;FALSE;FALSE;FALSE;FALSE;FALSE;FALSE;TRUE;FALSE;FALSE;FALSE;FALSE;FALSE;FALSE;FALSE;TRUE;FALSE;FALSE;FALSE;FALSE
Potentilla anserina L.  ;Gänse-Fingerkraut, Anserine, Dreckkraut, Gänserich, Gänsewiß, Grensel, Martinshand, Silberblatt, Säukraut, Krampfkraut;Rosaceae;perennial;TRUE;TRUE;FALSE;FALSE;TRUE;FALSE;3;FALSE;FALSE;FALSE;FALSE;FALSE;TRUE;TRUE;TRUE;TRUE;FALSE;FALSE;FALSE;FALSE;4;TRUE;TRUE;FALSE;FALSE;2;10;20;FALSE;FALSE;FALSE;FALSE;TRUE;FALSE;FALSE;FALSE;FALSE;FALSE;FALSE;FALSE;FALSE;FALSE;FALSE;FALSE;FALSE;FALSE;FALSE;FALSE;FALSE;FALSE;FALSE;FALSE;FALSE;FALSE;FALSE;FALSE;FALSE;FALSE
Primula auricula L.;Alpen-Aurikel, Öhrchen-Schlüsselblume, Gamsblume;Primulaceae;perennial;FALSE;FALSE;FALSE;TRUE;TRUE;TRUE;3;FALSE;FALSE;FALSE;FALSE;TRUE;TRUE;TRUE;FALSE;FALSE;FALSE;FALSE;FALSE;FALSE;3;TRUE;TRUE;FALSE;FALSE;2;5;25;TRUE;FALSE;TRUE;FALSE;FALSE;FALSE;FALSE;FALSE;FALSE;FALSE;FALSE;FALSE;FALSE;FALSE;FALSE;FALSE;FALSE;FALSE;FALSE;FALSE;FALSE;FALSE;FALSE;FALSE;FALSE;FALSE;FALSE;FALSE;FALSE;FALSE
Prunella vulgaris L. ;Gewöhnliche Braunelle, Kleine Braunelle, Kleine Brunelle, Kleinblütige Braunelle, Gemeine Braunelle, Brunelle;Lamiaceae;perennial;TRUE;TRUE;TRUE;FALSE;FALSE;FALSE;3;TRUE;FALSE;FALSE;FALSE;FALSE;FALSE;TRUE;TRUE;TRUE;TRUE;FALSE;FALSE;FALSE;4;FALSE;TRUE;TRUE;FALSE;2;5;30;FALSE;TRUE;FALSE;FALSE;FALSE;TRUE;FALSE;FALSE;FALSE;FALSE;FALSE;FALSE;FALSE;FALSE;FALSE;FALSE;FALSE;FALSE;FALSE;TRUE;FALSE;FALSE;FALSE;FALSE;TRUE;FALSE;FALSE;FALSE;FALSE;FALSE
Prunus spinosa L.  ;(Gemeine) Schlehe, Schwarzdorn, Schlehdorn, Schlehendorn, Sauerpflaume, Heckendorn, Deutsche Akazie;Rosaceae;tree;TRUE;TRUE;TRUE;FALSE;FALSE;FALSE;3;TRUE;FALSE;FALSE;FALSE;TRUE;TRUE;FALSE;FALSE;FALSE;FALSE;FALSE;FALSE;FALSE;2;TRUE;FALSE;FALSE;FALSE;1;100;300;FALSE;TRUE;FALSE;FALSE;TRUE;FALSE;FALSE;FALSE;FALSE;FALSE;FALSE;FALSE;FALSE;FALSE;FALSE;FALSE;TRUE;FALSE;FALSE;FALSE;FALSE;FALSE;FALSE;TRUE;FALSE;FALSE;FALSE;FALSE;FALSE;FALSE
Pulsatilla alpina (L.) Delarbre s. l.;Alpen-Kuhschelle, Alpen-Küchenschelle, Petersbart, Teufelsbart;Ranunculaceae;perennial;FALSE;FALSE;FALSE;FALSE;FALSE;TRUE;1;FALSE;FALSE;FALSE;FALSE;FALSE;TRUE;TRUE;TRUE;TRUE;FALSE;FALSE;FALSE;FALSE;4;TRUE;TRUE;FALSE;FALSE;2;20;45;TRUE;FALSE;TRUE;FALSE;FALSE;FALSE;FALSE;FALSE;FALSE;FALSE;FALSE;FALSE;FALSE;FALSE;FALSE;FALSE;FALSE;FALSE;FALSE;FALSE;FALSE;FALSE;FALSE;FALSE;FALSE;FALSE;FALSE;FALSE;FALSE;FALSE
Pulsatilla vernalis var. bidgostiana (Zapał.) Aichele & Schwegler;Gewöhnliche Frühlings-Küchenschelle, Frühlings-Küchenschelle;Ranunculaceae;perennial;TRUE;FALSE;TRUE;TRUE;FALSE;TRUE;4;FALSE;FALSE;FALSE;FALSE;TRUE;TRUE;TRUE;FALSE;FALSE;FALSE;FALSE;FALSE;FALSE;3;TRUE;TRUE;FALSE;FALSE;2;5;30;TRUE;FALSE;TRUE;FALSE;FALSE;FALSE;FALSE;TRUE;FALSE;FALSE;FALSE;FALSE;FALSE;FALSE;FALSE;FALSE;FALSE;FALSE;FALSE;FALSE;FALSE;FALSE;FALSE;FALSE;FALSE;FALSE;FALSE;FALSE;FALSE;FALSE
Pulsatilla vulgaris Mill. s. l.;Gewöhnliche Küchenschelle i.w.S.;Ranunculaceae;perennial;TRUE;FALSE;TRUE;FALSE;FALSE;FALSE;2;FALSE;FALSE;FALSE;(TRUE);TRUE;TRUE;FALSE;FALSE;FALSE;FALSE;FALSE;FALSE;FALSE;2;TRUE;FALSE;FALSE;FALSE;1;5;50;TRUE;FALSE;TRUE;FALSE;FALSE;TRUE;FALSE;FALSE;FALSE;FALSE;TRUE;FALSE;FALSE;FALSE;FALSE;FALSE;FALSE;FALSE;FALSE;FALSE;FALSE;FALSE;FALSE;FALSE;FALSE;FALSE;FALSE;FALSE;FALSE;FALSE
Ranunculus acris L.  ;Scharfer Hahnenfuß;Ranunculaceae;perennial;TRUE;FALSE;TRUE;FALSE;TRUE;FALSE;3;FALSE;FALSE;FALSE;FALSE;(TRUE);TRUE;TRUE;TRUE;TRUE;TRUE;FALSE;FALSE;FALSE;5;TRUE;TRUE;TRUE;FALSE;3;30;120;FALSE;FALSE;TRUE;FALSE;FALSE;FALSE;FALSE;FALSE;FALSE;FALSE;TRUE;FALSE;FALSE;FALSE;FALSE;FALSE;FALSE;FALSE;FALSE;FALSE;FALSE;FALSE;FALSE;FALSE;FALSE;FALSE;FALSE;FALSE;FALSE;FALSE
Ranunculus glacialis L.;Gletscher Hahnenfuss;Ranunculaceae;perennial;FALSE;FALSE;FALSE;FALSE;FALSE;TRUE;1;FALSE;FALSE;FALSE;FALSE;FALSE;FALSE;FALSE;TRUE;TRUE;FALSE;FALSE;FALSE;FALSE;2;FALSE;TRUE;FALSE;FALSE;1;5;15;TRUE;FALSE;TRUE;FALSE;FALSE;FALSE;FALSE;FALSE;FALSE;FALSE;FALSE;FALSE;FALSE;FALSE;FALSE;FALSE;FALSE;FALSE;FALSE;FALSE;FALSE;FALSE;FALSE;FALSE;FALSE;FALSE;FALSE;FALSE;FALSE;FALSE
Ranunculus repens L.  ;kriechende Hahnenfuss;Ranunculaceae;perennial;TRUE;TRUE;TRUE;FALSE;TRUE;FALSE;4;TRUE;FALSE;FALSE;FALSE;FALSE;TRUE;TRUE;TRUE;TRUE;FALSE;FALSE;FALSE;FALSE;4;TRUE;TRUE;FALSE;FALSE;2;15;40;FALSE;FALSE;TRUE;FALSE;FALSE;FALSE;FALSE;FALSE;FALSE;FALSE;FALSE;FALSE;FALSE;FALSE;FALSE;FALSE;FALSE;FALSE;FALSE;FALSE;FALSE;FALSE;FALSE;FALSE;FALSE;FALSE;FALSE;FALSE;FALSE;FALSE
Rhinanthus minor L. ;kleiner Klappertopf;Orabanchaceae;annual;TRUE;FALSE;FALSE;FALSE;FALSE;FALSE;1;FALSE;FALSE;FALSE;FALSE;FALSE;TRUE;TRUE;TRUE;TRUE;TRUE;FALSE;FALSE;FALSE;5;TRUE;TRUE;TRUE;FALSE;3;5;50;FALSE;FALSE;FALSE;FALSE;TRUE;FALSE;FALSE;FALSE;FALSE;FALSE;FALSE;FALSE;FALSE;FALSE;FALSE;FALSE;FALSE;FALSE;FALSE;FALSE;FALSE;FALSE;FALSE;FALSE;FALSE;FALSE;FALSE;FALSE;FALSE;FALSE
Rubus idaeus L.  ;Himbeere;Rosaceae;tree;TRUE;TRUE;TRUE;FALSE;FALSE;FALSE;3;TRUE;FALSE;FALSE;FALSE;FALSE;TRUE;TRUE;FALSE;FALSE;FALSE;FALSE;FALSE;FALSE;2;TRUE;TRUE;FALSE;FALSE;2;60;200;FALSE;TRUE;FALSE;TRUE;FALSE;FALSE;TRUE;FALSE;FALSE;FALSE;FALSE;FALSE;FALSE;FALSE;FALSE;FALSE;FALSE;FALSE;FALSE;FALSE;FALSE;FALSE;FALSE;TRUE;FALSE;FALSE;FALSE;FALSE;FALSE;FALSE
Rumex acetosa L.  ;Kleiner Sauerampfer, Wiesen-Sauerampfer,  Sauerampfer, Sauerlump, Suurampfere ;Polygonaceae;perennial;TRUE;FALSE;FALSE;FALSE;FALSE;FALSE;1;FALSE;FALSE;FALSE;FALSE;FALSE;TRUE;TRUE;TRUE;FALSE;FALSE;FALSE;FALSE;FALSE;3;TRUE;TRUE;FALSE;FALSE;2;30;100;FALSE;TRUE;FALSE;FALSE;FALSE;FALSE;TRUE;FALSE;FALSE;FALSE;FALSE;FALSE;FALSE;FALSE;FALSE;FALSE;FALSE;FALSE;FALSE;TRUE;TRUE;FALSE;FALSE;FALSE;FALSE;FALSE;FALSE;FALSE;FALSE;FALSE
Salvia pratensis L.  ;Wiesen-Salbei;Lamiaceae;perennial;TRUE;TRUE;FALSE;FALSE;FALSE;FALSE;2;TRUE;FALSE;FALSE;FALSE;FALSE;TRUE;TRUE;TRUE;TRUE;FALSE;FALSE;FALSE;FALSE;4;TRUE;TRUE;FALSE;FALSE;2;30;80;TRUE;TRUE;FALSE;FALSE;FALSE;FALSE;FALSE;FALSE;FALSE;FALSE;TRUE;FALSE;FALSE;FALSE;FALSE;FALSE;FALSE;FALSE;FALSE;FALSE;FALSE;FALSE;FALSE;FALSE;TRUE;FALSE;FALSE;FALSE;FALSE;FALSE
Sambucus nigra L.  ;Schwarzer Holunder, Holunder, Holder, Holler, Flieder ;Caprifoliaceae;tree;TRUE;TRUE;TRUE;FALSE;FALSE;FALSE;3;TRUE;FALSE;FALSE;FALSE;FALSE;FALSE;TRUE;TRUE;FALSE;FALSE;FALSE;FALSE;FALSE;2;FALSE;TRUE;FALSE;FALSE;1;300;700;FALSE;TRUE;TRUE;TRUE;TRUE;FALSE;FALSE;FALSE;TRUE;FALSE;FALSE;FALSE;FALSE;FALSE;FALSE;FALSE;FALSE;FALSE;FALSE;FALSE;FALSE;FALSE;FALSE;TRUE;FALSE;FALSE;FALSE;FALSE;FALSE;FALSE
Sanguisorba minor Scop.  ;Kleiner Wiesenknopf, Pimpinelle, Pimpernell, kleine Bibernelle;Rosaceae;perennial;TRUE;TRUE;FALSE;TRUE;FALSE;FALSE;3;TRUE;FALSE;FALSE;FALSE;FALSE;TRUE;TRUE;TRUE;TRUE;FALSE;FALSE;FALSE;FALSE;4;TRUE;TRUE;FALSE;FALSE;2;15;50;FALSE;TRUE;FALSE;FALSE;FALSE;FALSE;FALSE;FALSE;FALSE;FALSE;TRUE;FALSE;FALSE;FALSE;FALSE;FALSE;FALSE;TRUE;FALSE;TRUE;TRUE;FALSE;FALSE;FALSE;FALSE;FALSE;FALSE;FALSE;FALSE;FALSE
Saxifraga androsacea L.;Mannsschild-Steinbrech;Saxifragaceae ;perennial;FALSE;TRUE;FALSE;FALSE;TRUE;TRUE;3;FALSE;FALSE;FALSE;FALSE;FALSE;FALSE;TRUE;TRUE;TRUE;FALSE;FALSE;FALSE;FALSE;3;FALSE;TRUE;FALSE;FALSE;1;1;10;TRUE;FALSE;FALSE;FALSE;FALSE;FALSE;FALSE;FALSE;FALSE;FALSE;FALSE;FALSE;FALSE;FALSE;FALSE;FALSE;FALSE;FALSE;FALSE;FALSE;FALSE;FALSE;FALSE;FALSE;FALSE;FALSE;FALSE;FALSE;FALSE;FALSE
Scrophularia nodosa L. ;Knoten-Braunwurz;Scrophulariaceae;perennial;TRUE;TRUE;TRUE;FALSE;FALSE;FALSE;3;TRUE;FALSE;FALSE;FALSE;FALSE;FALSE;TRUE;TRUE;TRUE;TRUE;FALSE;FALSE;FALSE;4;FALSE;TRUE;TRUE;FALSE;2;40;120;FALSE;FALSE;FALSE;FALSE;FALSE;TRUE;FALSE;FALSE;FALSE;FALSE;FALSE;FALSE;FALSE;FALSE;FALSE;FALSE;FALSE;FALSE;FALSE;FALSE;FALSE;FALSE;FALSE;FALSE;FALSE;FALSE;FALSE;FALSE;FALSE;FALSE
Senecio vulgaris L. ;Gewöhnliches Greiskraut, Gemeines Greiskraut, Gemeines Kreuzkraut, Kreuzkraut;Asteraceae;annual;TRUE;TRUE;TRUE;FALSE;FALSE;FALSE;3;FALSE;FALSE;TRUE;TRUE;TRUE;TRUE;TRUE;TRUE;TRUE;TRUE;TRUE;TRUE;FALSE;10;TRUE;TRUE;TRUE;TRUE;4;10;30;FALSE;FALSE;TRUE;FALSE;FALSE;TRUE;FALSE;FALSE;FALSE;FALSE;FALSE;FALSE;FALSE;FALSE;FALSE;FALSE;FALSE;FALSE;FALSE;FALSE;FALSE;FALSE;FALSE;FALSE;FALSE;FALSE;FALSE;FALSE;FALSE;FALSE
Silene dioica (L.) Clairv.  ;Rote Lichtnelke;Caryophyllaceae;perennial;TRUE;TRUE;TRUE;TRUE;FALSE;FALSE;4;TRUE;FALSE;FALSE;FALSE;TRUE;TRUE;TRUE;TRUE;TRUE;TRUE;FALSE;FALSE;FALSE;6;TRUE;TRUE;TRUE;FALSE;3;30;90;FALSE;FALSE;FALSE;FALSE;FALSE;FALSE;TRUE;FALSE;FALSE;FALSE;TRUE;FALSE;FALSE;FALSE;FALSE;FALSE;FALSE;FALSE;FALSE;FALSE;FALSE;FALSE;FALSE;FALSE;FALSE;FALSE;FALSE;FALSE;FALSE;FALSE
Sinapis arvensis L.  ;Acker-Senf, Ackersenf, Falscher Hederich, Wilder Senf;Brassicaceae;annual;TRUE;FALSE;FALSE;FALSE;FALSE;FALSE;1;FALSE;FALSE;FALSE;FALSE;FALSE;FALSE;TRUE;TRUE;TRUE;TRUE;TRUE;FALSE;FALSE;5;FALSE;TRUE;TRUE;FALSE;2;30;60;FALSE;TRUE;FALSE;FALSE;FALSE;FALSE;FALSE;FALSE;FALSE;FALSE;FALSE;FALSE;FALSE;FALSE;FALSE;FALSE;FALSE;FALSE;FALSE;FALSE;FALSE;TRUE;FALSE;FALSE;TRUE;FALSE;FALSE;FALSE;FALSE;FALSE
Sisymbrium officinale (L.) Scop. ;Wege-Rauke, Gewöhnliche Rauke, Echte Rauke, gemeine Rauke;Brassicaceae;annual;TRUE;TRUE;FALSE;FALSE;TRUE;FALSE;3;TRUE;FALSE;FALSE;FALSE;FALSE;TRUE;TRUE;TRUE;TRUE;TRUE;TRUE;FALSE;FALSE;6;TRUE;TRUE;TRUE;FALSE;3;30;60;FALSE;TRUE;FALSE;FALSE;FALSE;FALSE;TRUE;FALSE;FALSE;FALSE;FALSE;FALSE;FALSE;FALSE;FALSE;FALSE;FALSE;FALSE;FALSE;FALSE;FALSE;TRUE;FALSE;FALSE;TRUE;FALSE;FALSE;FALSE;FALSE;FALSE
Soldanella montana Willd.;Bergglöckchen, Berg-Troddelblume, Berg-Soldanelle, Wald-Soldanelle, Berg-Alpenglöckchen;Primulaceae;perennial;FALSE;FALSE;TRUE;FALSE;FALSE;FALSE;1;FALSE;FALSE;FALSE;FALSE;FALSE;TRUE;TRUE;FALSE;FALSE;FALSE;FALSE;FALSE;FALSE;2;TRUE;TRUE;FALSE;FALSE;2;10;35;TRUE;FALSE;FALSE;FALSE;FALSE;FALSE;FALSE;FALSE;FALSE;FALSE;FALSE;FALSE;FALSE;FALSE;FALSE;FALSE;FALSE;FALSE;FALSE;FALSE;FALSE;FALSE;FALSE;FALSE;FALSE;FALSE;FALSE;FALSE;FALSE;FALSE
Sorbus aucuparia L.  ;Eberesche, Vogelbeere, Vogelbeerbaum;Rosaceae;tree;FALSE;TRUE;TRUE;TRUE;TRUE;TRUE;5;FALSE;FALSE;FALSE;FALSE;FALSE;TRUE;TRUE;FALSE;FALSE;FALSE;FALSE;FALSE;FALSE;2;TRUE;TRUE;FALSE;FALSE;2;300;1500;FALSE;TRUE;FALSE;TRUE;FALSE;FALSE;TRUE;FALSE;TRUE;FALSE;TRUE;FALSE;FALSE;FALSE;FALSE;FALSE;TRUE;FALSE;FALSE;FALSE;FALSE;FALSE;FALSE;TRUE;FALSE;FALSE;FALSE;FALSE;FALSE;FALSE
Spiranthes aestivalis (Poir.) Rich.;Sommer-Drehwurz, Sommer-Wendelorchis, Sommerwendelähre, Sommer-Drehähre;Orchidaceae;perennial;FALSE;FALSE;FALSE;FALSE;TRUE;FALSE;1;FALSE;FALSE;FALSE;FALSE;FALSE;FALSE;FALSE;TRUE;TRUE;FALSE;FALSE;FALSE;FALSE;2;FALSE;TRUE;FALSE;FALSE;1;10;35;TRUE;FALSE;FALSE;FALSE;FALSE;FALSE;FALSE;FALSE;FALSE;FALSE;FALSE;FALSE;FALSE;FALSE;FALSE;FALSE;FALSE;FALSE;FALSE;FALSE;FALSE;FALSE;FALSE;FALSE;FALSE;FALSE;FALSE;FALSE;FALSE;FALSE
Stachys sylvatica L.  ;Wald-Ziest;Lamiaceae;perennial;TRUE;TRUE;TRUE;FALSE;TRUE;FALSE;4;TRUE;FALSE;FALSE;FALSE;FALSE;FALSE;TRUE;TRUE;TRUE;TRUE;FALSE;FALSE;FALSE;4;FALSE;TRUE;TRUE;FALSE;2;30;100;FALSE;FALSE;FALSE;FALSE;FALSE;TRUE;FALSE;FALSE;FALSE;FALSE;FALSE;FALSE;FALSE;FALSE;FALSE;FALSE;FALSE;FALSE;FALSE;FALSE;FALSE;FALSE;FALSE;FALSE;FALSE;FALSE;FALSE;FALSE;FALSE;FALSE
Stellaria media (L.) Vill.  ;Vogel-Sternmiere, Gewöhnliche Vogelmiere, Hühnerdarm, Hühnerscherbe, Mäusegedärme, Hustdarm, Vogelmiere;Caryophyllaceae;annual, biennial;TRUE;TRUE;TRUE;FALSE;TRUE;FALSE;4;TRUE;TRUE;TRUE;TRUE;TRUE;TRUE;TRUE;TRUE;TRUE;TRUE;TRUE;TRUE;TRUE;12;TRUE;TRUE;TRUE;TRUE;4;3;40;FALSE;TRUE;FALSE;FALSE;FALSE;FALSE;TRUE;FALSE;FALSE;FALSE;FALSE;FALSE;FALSE;FALSE;FALSE;FALSE;FALSE;FALSE;FALSE;FALSE;TRUE;FALSE;FALSE;FALSE;FALSE;FALSE;FALSE;FALSE;FALSE;FALSE
Swertia perennis L.;Blauer Sumpfstern, Sumpfenzian, Blauer Tarant, Blauer Sumpfstern, Moorenzian, Blauer Sumpfstern, Tarant, Sumpf-Tarant, ausdauernde Sweertie;Gentianaceae;perennial;TRUE;FALSE;FALSE;FALSE;TRUE;FALSE;2;FALSE;FALSE;FALSE;FALSE;FALSE;FALSE;TRUE;TRUE;TRUE;FALSE;FALSE;FALSE;FALSE;3;FALSE;TRUE;FALSE;FALSE;1;15;50;TRUE;FALSE;FALSE;FALSE;FALSE;FALSE;FALSE;FALSE;FALSE;FALSE;FALSE;FALSE;FALSE;FALSE;FALSE;FALSE;FALSE;FALSE;FALSE;FALSE;FALSE;FALSE;FALSE;FALSE;FALSE;FALSE;FALSE;FALSE;FALSE;FALSE
Symphytum officinale L.  ;Echter Beinwell, Gemeiner Beinwell, Beinwell, Arznei-Beinwell, Beinwurz, Bienenkraut, Hasenlaub, Milchwurz, Schadheilwurzel, Schmalwurz, Schwarzwurz, Wallwurz, Komfrei, Wundallheil, Gewöhnlicher Beinwell;Boraginaceae;perennial;TRUE;TRUE;TRUE;FALSE;TRUE;FALSE;4;FALSE;FALSE;FALSE;FALSE;FALSE;TRUE;TRUE;TRUE;FALSE;FALSE;FALSE;FALSE;FALSE;3;TRUE;TRUE;FALSE;FALSE;2;50;100;FALSE;FALSE;TRUE;FALSE;FALSE;TRUE;FALSE;FALSE;FALSE;FALSE;FALSE;FALSE;FALSE;FALSE;FALSE;FALSE;FALSE;TRUE;FALSE;FALSE;FALSE;FALSE;FALSE;FALSE;FALSE;FALSE;FALSE;FALSE;FALSE;FALSE
Tanacetum vulgare L. ;Rainfarn, Wurmkraut, gemeiner Rainfarn;Asteraceae;perennial;TRUE;TRUE;FALSE;FALSE;TRUE;FALSE;3;FALSE;FALSE;FALSE;FALSE;FALSE;FALSE;FALSE;TRUE;TRUE;TRUE;(TRUE);(TRUE);FALSE;3;FALSE;TRUE;TRUE;FALSE;2;40;150;FALSE;FALSE;TRUE;FALSE;FALSE;TRUE;FALSE;FALSE;TRUE;FALSE;FALSE;TRUE;FALSE;TRUE;FALSE;FALSE;FALSE;FALSE;FALSE;FALSE;FALSE;FALSE;FALSE;FALSE;FALSE;FALSE;FALSE;FALSE;FALSE;FALSE
Taraxacum officinale auct. ;gebräuchliche Kuhblume, Löwenzahn, Weisen-Löwenzahn Gruppe, Weisen-Kuhblume Gruppe;Asteraceae;perennial;TRUE;TRUE;FALSE;FALSE;TRUE;FALSE;3;FALSE;FALSE;FALSE;FALSE;TRUE;TRUE;TRUE;FALSE;FALSE;FALSE;FALSE;FALSE;FALSE;3;TRUE;TRUE;FALSE;FALSE;2;15;40;FALSE;TRUE;FALSE;FALSE;FALSE;FALSE;TRUE;FALSE;FALSE;FALSE;FALSE;FALSE;FALSE;TRUE;FALSE;FALSE;FALSE;TRUE;FALSE;TRUE;FALSE;FALSE;FALSE;FALSE;FALSE;FALSE;FALSE;FALSE;FALSE;FALSE
Thlaspi arvense L.  ;Acker-Hellerkraut, Acker-Täschelkraut, Acker-Pfennigkraut, Ackertäschel;Brassicaceae;annual;TRUE;TRUE;FALSE;FALSE;FALSE;FALSE;2;FALSE;FALSE;FALSE;FALSE;TRUE;TRUE;TRUE;TRUE;TRUE;TRUE;FALSE;FALSE;FALSE;6;TRUE;TRUE;TRUE;FALSE;3;10;50;FALSE;TRUE;FALSE;FALSE;FALSE;FALSE;FALSE;FALSE;FALSE;FALSE;FALSE;FALSE;FALSE;FALSE;FALSE;FALSE;FALSE;FALSE;FALSE;FALSE;TRUE;FALSE;FALSE;FALSE;FALSE;FALSE;FALSE;FALSE;FALSE;FALSE
Thymus praecox Opiz  ;Frühblühender Thymian;Lamiaceae;perennial;TRUE;FALSE;FALSE;TRUE;FALSE;TRUE;3;FALSE;FALSE;FALSE;FALSE;FALSE;TRUE;TRUE;TRUE;FALSE;FALSE;FALSE;FALSE;FALSE;3;TRUE;TRUE;FALSE;FALSE;2;3;15;FALSE;FALSE;FALSE;FALSE;FALSE;FALSE;FALSE;FALSE;FALSE;FALSE;FALSE;FALSE;FALSE;FALSE;FALSE;FALSE;FALSE;FALSE;FALSE;FALSE;FALSE;FALSE;FALSE;FALSE;FALSE;FALSE;FALSE;FALSE;FALSE;FALSE
Thymus pulegioides L. ;Breitblättrige Thymian, Gemeiner Thymian, Gewöhnlicher Thymian, Quendel-Thymian, Arznei-Thymian, Feld-Thymian ;Lamiaceae;perennial;TRUE;TRUE;FALSE;FALSE;FALSE;TRUE;3;FALSE;FALSE;FALSE;FALSE;FALSE;FALSE;TRUE;TRUE;TRUE;TRUE;FALSE;FALSE;FALSE;4;FALSE;TRUE;TRUE;FALSE;2;5;30;FALSE;TRUE;FALSE;FALSE;TRUE;FALSE;TRUE;FALSE;FALSE;FALSE;FALSE;FALSE;FALSE;FALSE;FALSE;FALSE;FALSE;FALSE;FALSE;FALSE;FALSE;FALSE;FALSE;FALSE;TRUE;FALSE;FALSE;FALSE;FALSE;FALSE
Trifolium pratense L.  ;Rot-Klee, Wiesen-Klee;Fabaceae;biennial to perennial;TRUE;TRUE;TRUE;FALSE;FALSE;FALSE;3;TRUE;FALSE;FALSE;FALSE;FALSE;FALSE;TRUE;TRUE;TRUE;TRUE;FALSE;FALSE;FALSE;4;FALSE;TRUE;TRUE;FALSE;2;5;80;FALSE;FALSE;FALSE;TRUE;FALSE;FALSE;TRUE;FALSE;FALSE;FALSE;FALSE;FALSE;FALSE;FALSE;FALSE;FALSE;FALSE;TRUE;FALSE;FALSE;FALSE;FALSE;FALSE;FALSE;FALSE;FALSE;FALSE;FALSE;FALSE;FALSE
Trifolium repens L.  ;Weiß-Klee, Kriech-Klee, kriechender Klee;Fabaceae;perennial;TRUE;TRUE;FALSE;FALSE;TRUE;FALSE;3;TRUE;FALSE;FALSE;FALSE;FALSE;TRUE;TRUE;TRUE;TRUE;TRUE;FALSE;FALSE;FALSE;5;TRUE;TRUE;TRUE;FALSE;3;15;50;FALSE;FALSE;FALSE;TRUE;FALSE;FALSE;TRUE;FALSE;FALSE;FALSE;TRUE;FALSE;FALSE;TRUE;FALSE;FALSE;FALSE;TRUE;FALSE;FALSE;FALSE;FALSE;FALSE;FALSE;FALSE;FALSE;FALSE;FALSE;FALSE;FALSE
Tripleurospermum inodorum (L.) Schultz-Bip ;Geruchlose Kamille , Falsche Strandkamille;Asteraceae;annual, biennial;TRUE;FALSE;FALSE;FALSE;FALSE;TRUE;2;FALSE;FALSE;FALSE;FALSE;FALSE;FALSE;TRUE;TRUE;TRUE;TRUE;TRUE;FALSE;FALSE;5;FALSE;TRUE;TRUE;FALSE;2;30;60;FALSE;FALSE;FALSE;FALSE;FALSE;FALSE;FALSE;FALSE;FALSE;FALSE;FALSE;FALSE;FALSE;FALSE;FALSE;FALSE;FALSE;FALSE;FALSE;FALSE;FALSE;FALSE;FALSE;FALSE;FALSE;FALSE;FALSE;FALSE;FALSE;FALSE
Urtica dioica L.  ;Große Brennnessel;Urticaceae;perennial;TRUE;TRUE;TRUE;FALSE;TRUE;FALSE;4;TRUE;FALSE;FALSE;FALSE;FALSE;FALSE;FALSE;TRUE;TRUE;TRUE;TRUE;FALSE;FALSE;4;FALSE;TRUE;TRUE;FALSE;2;30;150;FALSE;TRUE;FALSE;FALSE;TRUE;FALSE;FALSE;FALSE;FALSE;TRUE;FALSE;FALSE;TRUE;FALSE;FALSE;FALSE;FALSE;FALSE;FALSE;FALSE;TRUE;FALSE;FALSE;FALSE;FALSE;TRUE;FALSE;FALSE;FALSE;FALSE
Vaccinium myrtillus L.  ;Heidelbeere, Blaubeere, Taubeere, Schwarzbeere;Ericaceae;tree;TRUE;TRUE;TRUE;FALSE;FALSE;FALSE;3;TRUE;FALSE;FALSE;FALSE;TRUE;TRUE;TRUE;TRUE;TRUE;FALSE;FALSE;FALSE;FALSE;5;TRUE;TRUE;FALSE;FALSE;2;15;50;FALSE;TRUE;FALSE;FALSE;TRUE;FALSE;FALSE;FALSE;FALSE;FALSE;FALSE;FALSE;FALSE;FALSE;FALSE;FALSE;FALSE;FALSE;FALSE;FALSE;FALSE;FALSE;TRUE;FALSE;FALSE;FALSE;FALSE;FALSE;FALSE;FALSE
Valeriana officinalis L. ;Arznei-Baldrian, Arzneibaldrian, Großer Baldrian, Baldrian, gebräuchlicher Baldrian;Valerianaceae;perennial;TRUE;TRUE;TRUE;TRUE;TRUE;TRUE;6;TRUE;FALSE;FALSE;FALSE;FALSE;FALSE;FALSE;TRUE;TRUE;FALSE;FALSE;FALSE;FALSE;2;FALSE;TRUE;FALSE;FALSE;1;60;160;FALSE;FALSE;FALSE;FALSE;TRUE;FALSE;FALSE;FALSE;FALSE;FALSE;FALSE;FALSE;FALSE;FALSE;FALSE;FALSE;FALSE;FALSE;FALSE;FALSE;FALSE;FALSE;FALSE;FALSE;FALSE;FALSE;FALSE;FALSE;FALSE;FALSE
Verbascum nigrum L. ;Schwarze Königskerze, Dunkle Königskerze, schwarzes Wollkraut;Scrophulariaceae;biennial to perennial;TRUE;TRUE;TRUE;FALSE;TRUE;FALSE;4;TRUE;FALSE;FALSE;FALSE;FALSE;FALSE;TRUE;TRUE;TRUE;TRUE;FALSE;FALSE;FALSE;4;FALSE;TRUE;TRUE;FALSE;2;50;120;FALSE;FALSE;FALSE;FALSE;FALSE;FALSE;TRUE;FALSE;FALSE;FALSE;FALSE;FALSE;FALSE;FALSE;FALSE;FALSE;FALSE;FALSE;FALSE;FALSE;FALSE;FALSE;FALSE;FALSE;FALSE;FALSE;FALSE;FALSE;FALSE;FALSE
Veronica chamaedrys L.  ;Gamander-Ehrenpreis, Männertreu, Frauenbiss, Katzenäuglein, Wildes Vergissmeinnicht;Scrophulariaceae;perennial;TRUE;FALSE;TRUE;FALSE;TRUE;FALSE;3;FALSE;FALSE;FALSE;FALSE;TRUE;TRUE;TRUE;TRUE;TRUE;TRUE;TRUE;FALSE;FALSE;7;TRUE;TRUE;TRUE;FALSE;3;15;30;FALSE;FALSE;FALSE;FALSE;FALSE;FALSE;FALSE;FALSE;FALSE;FALSE;FALSE;FALSE;FALSE;FALSE;FALSE;FALSE;FALSE;FALSE;FALSE;FALSE;FALSE;FALSE;FALSE;FALSE;FALSE;FALSE;FALSE;FALSE;FALSE;FALSE
Viburnum lantana L.  ;Wolliger Schneeball, wollige Schlinge;Adoxaceae;tree;TRUE;TRUE;TRUE;FALSE;TRUE;TRUE;5;TRUE;FALSE;FALSE;FALSE;TRUE;TRUE;TRUE;FALSE;FALSE;FALSE;FALSE;FALSE;FALSE;3;TRUE;TRUE;FALSE;FALSE;2;400;600;FALSE;FALSE;FALSE;FALSE;FALSE;FALSE;FALSE;FALSE;FALSE;FALSE;TRUE;FALSE;FALSE;FALSE;FALSE;FALSE;TRUE;FALSE;FALSE;FALSE;FALSE;FALSE;FALSE;FALSE;FALSE;FALSE;FALSE;FALSE;FALSE;FALSE
Viburnum opulus L. ;Gewöhnlicher Schneeball, Gemeiner Schneeball;Adoxaceae;tree;TRUE;TRUE;TRUE;FALSE;TRUE;FALSE;4;TRUE;FALSE;FALSE;FALSE;FALSE;TRUE;TRUE;FALSE;FALSE;FALSE;FALSE;FALSE;FALSE;2;TRUE;TRUE;FALSE;FALSE;2;150;300;FALSE;FALSE;TRUE;FALSE;TRUE;FALSE;TRUE;FALSE;FALSE;FALSE;TRUE;FALSE;FALSE;FALSE;FALSE;FALSE;FALSE;FALSE;FALSE;FALSE;FALSE;FALSE;FALSE;FALSE;FALSE;FALSE;FALSE;FALSE;FALSE;FALSE
Vicia sepium L. ;Zaun-Wicke;Fabaceae;perennial;TRUE;TRUE;TRUE;FALSE;FALSE;FALSE;3;TRUE;FALSE;FALSE;FALSE;FALSE;TRUE;TRUE;TRUE;TRUE;FALSE;FALSE;FALSE;FALSE;4;TRUE;TRUE;FALSE;FALSE;2;30;60;FALSE;FALSE;FALSE;FALSE;FALSE;FALSE;FALSE;FALSE;FALSE;FALSE;FALSE;FALSE;FALSE;FALSE;FALSE;FALSE;FALSE;TRUE;FALSE;FALSE;FALSE;FALSE;FALSE;FALSE;FALSE;FALSE;FALSE;FALSE;FALSE;FALSE
Viscum album L. ;Laubholz-Mistel, weisse Mistel, gewöhnliche Mistel;Loranthaceae;tree;TRUE;TRUE;TRUE;FALSE;TRUE;FALSE;4;FALSE;FALSE;TRUE;TRUE;TRUE;FALSE;FALSE;FALSE;FALSE;FALSE;FALSE;FALSE;FALSE;3;TRUE;FALSE;FALSE;TRUE;2;40;80;FALSE;FALSE;TRUE;FALSE;TRUE;FALSE;FALSE;FALSE;FALSE;FALSE;FALSE;FALSE;FALSE;FALSE;FALSE;FALSE;FALSE;FALSE;FALSE;FALSE;FALSE;FALSE;FALSE;FALSE;FALSE;FALSE;FALSE;FALSE;FALSE;FALSE
Vitis vinifera L. s. str.;Kultur-Weinrebe, edle Weinrebe;Vitaceae;tree;TRUE;TRUE;FALSE;FALSE;FALSE;FALSE;2;TRUE;FALSE;FALSE;FALSE;FALSE;FALSE;TRUE;TRUE;FALSE;FALSE;FALSE;FALSE;FALSE;2;FALSE;TRUE;FALSE;FALSE;1;200;1000;FALSE;TRUE;FALSE;FALSE;FALSE;FALSE;FALSE;FALSE;FALSE;FALSE;FALSE;FALSE;FALSE;FALSE;FALSE;FALSE;FALSE;FALSE;FALSE;FALSE;FALSE;FALSE;FALSE;TRUE;FALSE;FALSE;TRUE;FALSE;FALSE;FALSE
